Signup Cohort Month,Churn Month,Segment,Churned Customers
2025-04,2025-05,SMB,131
2025-03,2025-05,Mid-Market,41
2025-03,2025-05,SMB,96
2025-03,2025-04,SMB,35
2025-02,2025-05,Mid-Market,34
2025-02,2025-05,SMB,71
2025-02,2025-04,Mid-Market,17
2025-02,2025-04,SMB,59
2025-02,2025-03,SMB,40
2025-01,2025-05,Enterprise,33
2025-01,2025-05,Mid-Market,13
2025-01,2025-05,SMB,70
2025-01,2025-04,Mid-Market,32
2025-01,2025-04,SMB,91
2025-01,2025-03,Mid-Market,13
2025-01,2025-03,SMB,54
2025-01,2025-02,SMB,44
2024-12,2025-05,Enterprise,10
2024-12,2025-05,Mid-Market,15
2024-12,2025-05,SMB,45
2024-12,2025-04,Enterprise,5
2024-12,2025-04,Mid-Market,15
2024-12,2025-04,SMB,52
2024-12,2025-03,Mid-Market,14
2024-12,2025-03,SMB,43
2024-12,2025-02,Mid-Market,6
2024-12,2025-02,SMB,42
2024-12,2025-01,SMB,28
2024-11,2025-05,Enterprise,14
2024-11,2025-05,Mid-Market,9
2024-11,2025-05,SMB,56
2024-11,2025-04,Enterprise,12
2024-11,2025-04,Mid-Market,8
2024-11,2025-04,SMB,53
2024-11,2025-03,Enterprise,1
2024-11,2025-03,Mid-Market,18
2024-11,2025-03,SMB,56
2024-11,2025-02,Mid-Market,17
2024-11,2025-02,SMB,57
2024-11,2025-01,Mid-Market,9
2024-11,2025-01,SMB,56
2024-11,2024-12,SMB,28
2024-10,2025-05,Enterprise,11
2024-10,2025-05,Mid-Market,10
2024-10,2025-05,SMB,44
2024-10,2025-04,Enterprise,8
2024-10,2025-04,Mid-Market,9
2024-10,2025-04,SMB,38
2024-10,2025-03,Enterprise,6
2024-10,2025-03,Mid-Market,11
2024-10,2025-03,SMB,52
2024-10,2025-02,Enterprise,3
2024-10,2025-02,Mid-Market,7
2024-10,2025-02,SMB,28
2024-10,2025-01,Mid-Market,8
2024-10,2025-01,SMB,26
2024-10,2024-12,Mid-Market,3
2024-10,2024-12,SMB,40
2024-10,2024-11,SMB,23
2024-09,2025-05,Enterprise,6
2024-09,2025-05,Mid-Market,8
2024-09,2025-05,SMB,33
2024-09,2025-04,Enterprise,6
2024-09,2025-04,Mid-Market,7
2024-09,2025-04,SMB,38
2024-09,2025-03,Enterprise,5
2024-09,2025-03,Mid-Market,8
2024-09,2025-03,SMB,34
2024-09,2025-02,Enterprise,2
2024-09,2025-02,Mid-Market,8
2024-09,2025-02,SMB,42
2024-09,2025-01,Enterprise,2
2024-09,2025-01,Mid-Market,9
2024-09,2025-01,SMB,33
2024-09,2024-12,Mid-Market,10
2024-09,2024-12,SMB,34
2024-09,2024-11,Mid-Market,2
2024-09,2024-11,SMB,35
2024-09,2024-10,SMB,19
2024-08,2025-05,Enterprise,3
2024-08,2025-05,Mid-Market,4
2024-08,2025-05,SMB,25
2024-08,2025-04,Enterprise,1
2024-08,2025-04,Mid-Market,4
2024-08,2025-04,SMB,21
2024-08,2025-03,Enterprise,1
2024-08,2025-03,Mid-Market,5
2024-08,2025-03,SMB,25
2024-08,2025-02,Enterprise,1
2024-08,2025-02,Mid-Market,3
2024-08,2025-02,SMB,23
2024-08,2025-01,Mid-Market,9
2024-08,2025-01,SMB,17
2024-08,2024-12,Enterprise,4
2024-08,2024-12,Mid-Market,4
2024-08,2024-12,SMB,19
2024-08,2024-11,Mid-Market,4
2024-08,2024-11,SMB,30
2024-08,2024-10,Mid-Market,2
2024-08,2024-10,SMB,19
2024-08,2024-09,SMB,8
2024-07,2025-05,Enterprise,2
2024-07,2025-05,Mid-Market,8
2024-07,2025-05,SMB,21
2024-07,2025-04,Enterprise,2
2024-07,2025-04,Mid-Market,2
2024-07,2025-04,SMB,24
2024-07,2025-03,Enterprise,3
2024-07,2025-03,Mid-Market,6
2024-07,2025-03,SMB,21
2024-07,2025-02,Enterprise,3
2024-07,2025-02,Mid-Market,1
2024-07,2025-02,SMB,25
2024-07,2025-01,Enterprise,5
2024-07,2025-01,Mid-Market,10
2024-07,2025-01,SMB,27
2024-07,2024-12,Enterprise,3
2024-07,2024-12,Mid-Market,3
2024-07,2024-12,SMB,32
2024-07,2024-11,Enterprise,2
2024-07,2024-11,Mid-Market,3
2024-07,2024-11,SMB,27
2024-07,2024-10,Mid-Market,2
2024-07,2024-10,SMB,23
2024-07,2024-09,Mid-Market,4
2024-07,2024-09,SMB,17
2024-07,2024-08,SMB,14
2024-06,2025-05,Enterprise,2
2024-06,2025-05,Mid-Market,7
2024-06,2025-05,SMB,25
2024-06,2025-04,Enterprise,2
2024-06,2025-04,Mid-Market,4
2024-06,2025-04,SMB,17
2024-06,2025-03,Enterprise,2
2024-06,2025-03,Mid-Market,6
2024-06,2025-03,SMB,23
2024-06,2025-02,Enterprise,3
2024-06,2025-02,Mid-Market,4
2024-06,2025-02,SMB,16
2024-06,2025-01,Enterprise,5
2024-06,2025-01,Mid-Market,3
2024-06,2025-01,SMB,18
2024-06,2024-12,Enterprise,1
2024-06,2024-12,Mid-Market,6
2024-06,2024-12,SMB,20
2024-06,2024-11,Enterprise,2
2024-06,2024-11,Mid-Market,6
2024-06,2024-11,SMB,25
2024-06,2024-10,Mid-Market,3
2024-06,2024-10,SMB,20
2024-06,2024-09,Mid-Market,5
2024-06,2024-09,SMB,15
2024-06,2024-08,Mid-Market,4
2024-06,2024-08,SMB,28
2024-06,2024-07,SMB,12
2024-05,2025-05,Enterprise,3
2024-05,2025-05,Mid-Market,5
2024-05,2025-05,SMB,21
2024-05,2025-04,Enterprise,2
2024-05,2025-04,Mid-Market,5
2024-05,2025-04,SMB,19
2024-05,2025-03,Mid-Market,4
2024-05,2025-03,SMB,24
2024-05,2025-02,Enterprise,3
2024-05,2025-02,Mid-Market,8
2024-05,2025-02,SMB,18
2024-05,2025-01,Enterprise,6
2024-05,2025-01,Mid-Market,6
2024-05,2025-01,SMB,16
2024-05,2024-12,Enterprise,3
2024-05,2024-12,Mid-Market,8
2024-05,2024-12,SMB,24
2024-05,2024-11,Enterprise,3
2024-05,2024-11,Mid-Market,5
2024-05,2024-11,SMB,24
2024-05,2024-10,Enterprise,2
2024-05,2024-10,Mid-Market,8
2024-05,2024-10,SMB,24
2024-05,2024-09,Enterprise,1
2024-05,2024-09,Mid-Market,5
2024-05,2024-09,SMB,33
2024-05,2024-08,Mid-Market,4
2024-05,2024-08,SMB,30
2024-05,2024-07,Mid-Market,3
2024-05,2024-07,SMB,20
2024-05,2024-06,SMB,12
2024-04,2025-05,Enterprise,2
2024-04,2025-05,Mid-Market,9
2024-04,2025-05,SMB,44
2024-04,2025-04,Enterprise,4
2024-04,2025-04,Mid-Market,12
2024-04,2025-04,SMB,35
2024-04,2025-03,Enterprise,6
2024-04,2025-03,Mid-Market,9
2024-04,2025-03,SMB,36
2024-04,2025-02,Enterprise,5
2024-04,2025-02,Mid-Market,10
2024-04,2025-02,SMB,43
2024-04,2025-01,Enterprise,6
2024-04,2025-01,Mid-Market,8
2024-04,2025-01,SMB,39
2024-04,2024-12,Enterprise,2
2024-04,2024-12,Mid-Market,6
2024-04,2024-12,SMB,45
2024-04,2024-11,Enterprise,1
2024-04,2024-11,Mid-Market,6
2024-04,2024-11,SMB,35
2024-04,2024-10,Enterprise,7
2024-04,2024-10,Mid-Market,8
2024-04,2024-10,SMB,34
2024-04,2024-09,Enterprise,5
2024-04,2024-09,Mid-Market,7
2024-04,2024-09,SMB,38
2024-04,2024-08,Enterprise,3
2024-04,2024-08,Mid-Market,11
2024-04,2024-08,SMB,41
2024-04,2024-07,Mid-Market,8
2024-04,2024-07,SMB,42
2024-04,2024-06,Mid-Market,3
2024-04,2024-06,SMB,53
2024-04,2024-05,SMB,23
2024-03,2025-05,Enterprise,2
2024-03,2025-05,Mid-Market,6
2024-03,2025-05,SMB,23
2024-03,2025-04,Enterprise,2
2024-03,2025-04,Mid-Market,7
2024-03,2025-04,SMB,18
2024-03,2025-03,Enterprise,4
2024-03,2025-03,Mid-Market,7
2024-03,2025-03,SMB,19
2024-03,2025-02,Enterprise,2
2024-03,2025-02,Mid-Market,3
2024-03,2025-02,SMB,15
2024-03,2025-01,Enterprise,4
2024-03,2025-01,Mid-Market,5
2024-03,2025-01,SMB,18
2024-03,2024-12,Enterprise,1
2024-03,2024-12,Mid-Market,2
2024-03,2024-12,SMB,18
2024-03,2024-11,Enterprise,4
2024-03,2024-11,Mid-Market,7
2024-03,2024-11,SMB,12
2024-03,2024-10,Enterprise,2
2024-03,2024-10,Mid-Market,5
2024-03,2024-10,SMB,17
2024-03,2024-09,Mid-Market,1
2024-03,2024-09,SMB,28
2024-03,2024-08,Enterprise,5
2024-03,2024-08,Mid-Market,4
2024-03,2024-08,SMB,23
2024-03,2024-07,Enterprise,2
2024-03,2024-07,Mid-Market,3
2024-03,2024-07,SMB,21
2024-03,2024-06,Mid-Market,4
2024-03,2024-06,SMB,18
2024-03,2024-05,Mid-Market,1
2024-03,2024-05,SMB,12
2024-03,2024-04,SMB,9
2024-02,2025-05,Mid-Market,2
2024-02,2025-05,SMB,14
2024-02,2025-04,Enterprise,1
2024-02,2025-04,Mid-Market,6
2024-02,2025-04,SMB,10
2024-02,2025-03,Enterprise,1
2024-02,2025-03,Mid-Market,7
2024-02,2025-03,SMB,20
2024-02,2025-02,Enterprise,4
2024-02,2025-02,Mid-Market,3
2024-02,2025-02,SMB,20
2024-02,2025-01,Enterprise,1
2024-02,2025-01,Mid-Market,9
2024-02,2025-01,SMB,15
2024-02,2024-12,Enterprise,2
2024-02,2024-12,Mid-Market,9
2024-02,2024-12,SMB,16
2024-02,2024-11,Enterprise,3
2024-02,2024-11,Mid-Market,4
2024-02,2024-11,SMB,20
2024-02,2024-10,Mid-Market,7
2024-02,2024-10,SMB,16
2024-02,2024-09,Enterprise,3
2024-02,2024-09,Mid-Market,3
2024-02,2024-09,SMB,11
2024-02,2024-08,Mid-Market,4
2024-02,2024-08,SMB,15
2024-02,2024-07,Enterprise,3
2024-02,2024-07,Mid-Market,4
2024-02,2024-07,SMB,15
2024-02,2024-06,Mid-Market,1
2024-02,2024-06,SMB,20
2024-02,2024-05,Mid-Market,1
2024-02,2024-05,SMB,18
2024-02,2024-04,SMB,15
2024-02,2024-03,SMB,11
2024-01,2025-05,Enterprise,6
2024-01,2025-05,Mid-Market,10
2024-01,2025-05,SMB,33
2024-01,2025-04,Enterprise,2
2024-01,2025-04,Mid-Market,6
2024-01,2025-04,SMB,24
2024-01,2025-03,Enterprise,4
2024-01,2025-03,Mid-Market,4
2024-01,2025-03,SMB,18
2024-01,2025-02,Enterprise,4
2024-01,2025-02,Mid-Market,7
2024-01,2025-02,SMB,24
2024-01,2025-01,Enterprise,1
2024-01,2025-01,Mid-Market,9
2024-01,2025-01,SMB,24
2024-01,2024-12,Enterprise,2
2024-01,2024-12,Mid-Market,9
2024-01,2024-12,SMB,28
2024-01,2024-11,Enterprise,6
2024-01,2024-11,Mid-Market,4
2024-01,2024-11,SMB,28
2024-01,2024-10,Mid-Market,3
2024-01,2024-10,SMB,28
2024-01,2024-09,Enterprise,1
2024-01,2024-09,Mid-Market,2
2024-01,2024-09,SMB,21
2024-01,2024-08,Enterprise,4
2024-01,2024-08,Mid-Market,3
2024-01,2024-08,SMB,28
2024-01,2024-07,Enterprise,2
2024-01,2024-07,Mid-Market,7
2024-01,2024-07,SMB,15
2024-01,2024-06,Enterprise,4
2024-01,2024-06,Mid-Market,5
2024-01,2024-06,SMB,19
2024-01,2024-05,Enterprise,2
2024-01,2024-05,Mid-Market,10
2024-01,2024-05,SMB,24
2024-01,2024-04,Mid-Market,2
2024-01,2024-04,SMB,24
2024-01,2024-03,Mid-Market,4
2024-01,2024-03,SMB,24
2024-01,2024-02,SMB,10
2023-12,2025-05,Enterprise,1
2023-12,2025-05,Mid-Market,2
2023-12,2025-05,SMB,24
2023-12,2025-04,Enterprise,3
2023-12,2025-04,Mid-Market,5
2023-12,2025-04,SMB,21
2023-12,2025-03,Enterprise,1
2023-12,2025-03,Mid-Market,7
2023-12,2025-03,SMB,23
2023-12,2025-02,Mid-Market,6
2023-12,2025-02,SMB,15
2023-12,2025-01,Enterprise,1
2023-12,2025-01,Mid-Market,3
2023-12,2025-01,SMB,27
2023-12,2024-12,Enterprise,5
2023-12,2024-12,Mid-Market,4
2023-12,2024-12,SMB,20
2023-12,2024-11,Enterprise,3
2023-12,2024-11,Mid-Market,5
2023-12,2024-11,SMB,23
2023-12,2024-10,Enterprise,4
2023-12,2024-10,Mid-Market,7
2023-12,2024-10,SMB,15
2023-12,2024-09,Enterprise,1
2023-12,2024-09,Mid-Market,3
2023-12,2024-09,SMB,21
2023-12,2024-08,Enterprise,5
2023-12,2024-08,Mid-Market,4
2023-12,2024-08,SMB,21
2023-12,2024-07,Enterprise,3
2023-12,2024-07,Mid-Market,7
2023-12,2024-07,SMB,23
2023-12,2024-06,Enterprise,1
2023-12,2024-06,Mid-Market,6
2023-12,2024-06,SMB,20
2023-12,2024-05,Enterprise,1
2023-12,2024-05,Mid-Market,12
2023-12,2024-05,SMB,25
2023-12,2024-04,Mid-Market,5
2023-12,2024-04,SMB,22
2023-12,2024-03,Mid-Market,8
2023-12,2024-03,SMB,24
2023-12,2024-02,Mid-Market,3
2023-12,2024-02,SMB,17
2023-12,2024-01,SMB,11
2023-11,2025-05,Enterprise,1
2023-11,2025-05,Mid-Market,4
2023-11,2025-05,SMB,14
2023-11,2025-04,Enterprise,2
2023-11,2025-04,Mid-Market,3
2023-11,2025-04,SMB,18
2023-11,2025-03,Enterprise,2
2023-11,2025-03,Mid-Market,2
2023-11,2025-03,SMB,14
2023-11,2025-02,Enterprise,1
2023-11,2025-02,Mid-Market,6
2023-11,2025-02,SMB,23
2023-11,2025-01,Enterprise,1
2023-11,2025-01,Mid-Market,6
2023-11,2025-01,SMB,17
2023-11,2024-12,Enterprise,1
2023-11,2024-12,Mid-Market,8
2023-11,2024-12,SMB,20
2023-11,2024-11,Mid-Market,1
2023-11,2024-11,SMB,22
2023-11,2024-10,Enterprise,2
2023-11,2024-10,Mid-Market,2
2023-11,2024-10,SMB,26
2023-11,2024-09,Enterprise,1
2023-11,2024-09,Mid-Market,7
2023-11,2024-09,SMB,20
2023-11,2024-08,Enterprise,2
2023-11,2024-08,Mid-Market,7
2023-11,2024-08,SMB,9
2023-11,2024-07,Enterprise,2
2023-11,2024-07,Mid-Market,4
2023-11,2024-07,SMB,28
2023-11,2024-06,Enterprise,3
2023-11,2024-06,Mid-Market,4
2023-11,2024-06,SMB,21
2023-11,2024-05,Enterprise,2
2023-11,2024-05,Mid-Market,4
2023-11,2024-05,SMB,24
2023-11,2024-04,Enterprise,2
2023-11,2024-04,Mid-Market,4
2023-11,2024-04,SMB,23
2023-11,2024-03,Mid-Market,2
2023-11,2024-03,SMB,19
2023-11,2024-02,Mid-Market,4
2023-11,2024-02,SMB,12
2023-11,2024-01,Mid-Market,3
2023-11,2024-01,SMB,25
2023-11,2023-12,SMB,8
2023-10,2025-05,Enterprise,2
2023-10,2025-05,Mid-Market,3
2023-10,2025-05,SMB,10
2023-10,2025-04,Enterprise,1
2023-10,2025-04,SMB,13
2023-10,2025-03,Mid-Market,8
2023-10,2025-03,SMB,12
2023-10,2025-02,Enterprise,2
2023-10,2025-02,Mid-Market,1
2023-10,2025-02,SMB,12
2023-10,2025-01,Enterprise,2
2023-10,2025-01,Mid-Market,4
2023-10,2025-01,SMB,15
2023-10,2024-12,Enterprise,4
2023-10,2024-12,Mid-Market,1
2023-10,2024-12,SMB,10
2023-10,2024-11,Enterprise,3
2023-10,2024-11,Mid-Market,3
2023-10,2024-11,SMB,9
2023-10,2024-10,Enterprise,2
2023-10,2024-10,Mid-Market,5
2023-10,2024-10,SMB,17
2023-10,2024-09,Mid-Market,2
2023-10,2024-09,SMB,16
2023-10,2024-08,Enterprise,3
2023-10,2024-08,Mid-Market,4
2023-10,2024-08,SMB,17
2023-10,2024-07,Enterprise,1
2023-10,2024-07,Mid-Market,6
2023-10,2024-07,SMB,16
2023-10,2024-06,Enterprise,1
2023-10,2024-06,Mid-Market,5
2023-10,2024-06,SMB,8
2023-10,2024-05,Enterprise,6
2023-10,2024-05,Mid-Market,5
2023-10,2024-05,SMB,16
2023-10,2024-04,Mid-Market,2
2023-10,2024-04,SMB,13
2023-10,2024-03,Enterprise,2
2023-10,2024-03,Mid-Market,4
2023-10,2024-03,SMB,14
2023-10,2024-02,Mid-Market,1
2023-10,2024-02,SMB,16
2023-10,2024-01,Mid-Market,2
2023-10,2024-01,SMB,15
2023-10,2023-12,Mid-Market,1
2023-10,2023-12,SMB,17
2023-10,2023-11,SMB,6
2023-09,2025-05,Enterprise,1
2023-09,2025-05,Mid-Market,2
2023-09,2025-05,SMB,13
2023-09,2025-04,Enterprise,4
2023-09,2025-04,SMB,10
2023-09,2025-03,Mid-Market,3
2023-09,2025-03,SMB,9
2023-09,2025-02,SMB,8
2023-09,2025-01,Enterprise,3
2023-09,2025-01,Mid-Market,2
2023-09,2025-01,SMB,13
2023-09,2024-12,Enterprise,2
2023-09,2024-12,Mid-Market,6
2023-09,2024-12,SMB,13
2023-09,2024-11,Enterprise,2
2023-09,2024-11,Mid-Market,3
2023-09,2024-11,SMB,17
2023-09,2024-10,Enterprise,1
2023-09,2024-10,Mid-Market,4
2023-09,2024-10,SMB,11
2023-09,2024-09,Enterprise,2
2023-09,2024-09,Mid-Market,1
2023-09,2024-09,SMB,4
2023-09,2024-08,Mid-Market,7
2023-09,2024-08,SMB,15
2023-09,2024-07,Mid-Market,5
2023-09,2024-07,SMB,10
2023-09,2024-06,Enterprise,1
2023-09,2024-06,SMB,9
2023-09,2024-05,Enterprise,2
2023-09,2024-05,Mid-Market,4
2023-09,2024-05,SMB,12
2023-09,2024-04,Mid-Market,2
2023-09,2024-04,SMB,16
2023-09,2024-03,Enterprise,1
2023-09,2024-03,Mid-Market,2
2023-09,2024-03,SMB,10
2023-09,2024-02,Enterprise,2
2023-09,2024-02,Mid-Market,4
2023-09,2024-02,SMB,13
2023-09,2024-01,Enterprise,3
2023-09,2024-01,Mid-Market,3
2023-09,2024-01,SMB,15
2023-09,2023-12,Mid-Market,2
2023-09,2023-12,SMB,12
2023-09,2023-11,Mid-Market,5
2023-09,2023-11,SMB,7
2023-09,2023-10,SMB,10
2023-08,2025-05,Enterprise,1
2023-08,2025-05,Mid-Market,1
2023-08,2025-05,SMB,11
2023-08,2025-04,Enterprise,3
2023-08,2025-04,Mid-Market,1
2023-08,2025-04,SMB,10
2023-08,2025-03,Mid-Market,1
2023-08,2025-03,SMB,4
2023-08,2025-02,SMB,7
2023-08,2025-01,Mid-Market,2
2023-08,2025-01,SMB,11
2023-08,2024-12,Mid-Market,4
2023-08,2024-12,SMB,6
2023-08,2024-11,Mid-Market,2
2023-08,2024-11,SMB,12
2023-08,2024-10,Mid-Market,4
2023-08,2024-10,SMB,5
2023-08,2024-09,Mid-Market,2
2023-08,2024-09,SMB,5
2023-08,2024-08,Mid-Market,3
2023-08,2024-08,SMB,10
2023-08,2024-07,Enterprise,2
2023-08,2024-07,Mid-Market,2
2023-08,2024-07,SMB,11
2023-08,2024-06,Mid-Market,1
2023-08,2024-06,SMB,9
2023-08,2024-05,Mid-Market,2
2023-08,2024-05,SMB,9
2023-08,2024-04,Mid-Market,1
2023-08,2024-04,SMB,7
2023-08,2024-03,Mid-Market,2
2023-08,2024-03,SMB,8
2023-08,2024-02,Mid-Market,3
2023-08,2024-02,SMB,8
2023-08,2024-01,Mid-Market,3
2023-08,2024-01,SMB,3
2023-08,2023-12,Mid-Market,3
2023-08,2023-12,SMB,10
2023-08,2023-11,Mid-Market,4
2023-08,2023-11,SMB,4
2023-08,2023-10,Mid-Market,3
2023-08,2023-10,SMB,4
2023-08,2023-09,SMB,4
2023-07,2025-05,Enterprise,2
2023-07,2025-05,Mid-Market,1
2023-07,2025-05,SMB,11
2023-07,2025-04,Enterprise,1
2023-07,2025-04,Mid-Market,2
2023-07,2025-04,SMB,3
2023-07,2025-03,Mid-Market,2
2023-07,2025-03,SMB,8
2023-07,2025-02,Mid-Market,3
2023-07,2025-02,SMB,11
2023-07,2025-01,Enterprise,2
2023-07,2025-01,SMB,14
2023-07,2024-12,Mid-Market,2
2023-07,2024-12,SMB,11
2023-07,2024-11,Enterprise,1
2023-07,2024-11,Mid-Market,5
2023-07,2024-11,SMB,10
2023-07,2024-10,Mid-Market,1
2023-07,2024-10,SMB,11
2023-07,2024-09,Mid-Market,2
2023-07,2024-09,SMB,3
2023-07,2024-08,Mid-Market,1
2023-07,2024-08,SMB,5
2023-07,2024-07,Mid-Market,2
2023-07,2024-07,SMB,15
2023-07,2024-06,Enterprise,1
2023-07,2024-06,SMB,5
2023-07,2024-05,Mid-Market,2
2023-07,2024-05,SMB,9
2023-07,2024-04,Enterprise,1
2023-07,2024-04,SMB,6
2023-07,2024-03,SMB,6
2023-07,2024-02,Mid-Market,4
2023-07,2024-02,SMB,9
2023-07,2024-01,SMB,12
2023-07,2023-12,Enterprise,1
2023-07,2023-12,Mid-Market,2
2023-07,2023-12,SMB,4
2023-07,2023-11,Enterprise,1
2023-07,2023-11,Mid-Market,2
2023-07,2023-11,SMB,7
2023-07,2023-10,SMB,11
2023-07,2023-09,SMB,7
2023-07,2023-08,SMB,5
2023-06,2025-05,Enterprise,1
2023-06,2025-05,Mid-Market,4
2023-06,2025-05,SMB,9
2023-06,2025-04,SMB,13
2023-06,2025-03,Enterprise,2
2023-06,2025-03,Mid-Market,2
2023-06,2025-03,SMB,6
2023-06,2025-02,Mid-Market,2
2023-06,2025-02,SMB,4
2023-06,2025-01,Mid-Market,1
2023-06,2025-01,SMB,6
2023-06,2024-12,Enterprise,1
2023-06,2024-12,SMB,14
2023-06,2024-11,Mid-Market,2
2023-06,2024-11,SMB,13
2023-06,2024-10,Enterprise,2
2023-06,2024-10,Mid-Market,4
2023-06,2024-10,SMB,17
2023-06,2024-09,SMB,6
2023-06,2024-08,Enterprise,1
2023-06,2024-08,Mid-Market,4
2023-06,2024-08,SMB,11
2023-06,2024-07,Enterprise,1
2023-06,2024-07,Mid-Market,1
2023-06,2024-07,SMB,15
2023-06,2024-06,Enterprise,1
2023-06,2024-06,Mid-Market,5
2023-06,2024-06,SMB,10
2023-06,2024-05,Mid-Market,1
2023-06,2024-05,SMB,9
2023-06,2024-04,Enterprise,1
2023-06,2024-04,SMB,12
2023-06,2024-03,Mid-Market,1
2023-06,2024-03,SMB,12
2023-06,2024-02,Enterprise,3
2023-06,2024-02,Mid-Market,1
2023-06,2024-02,SMB,11
2023-06,2024-01,Mid-Market,1
2023-06,2024-01,SMB,10
2023-06,2023-12,Mid-Market,2
2023-06,2023-12,SMB,14
2023-06,2023-11,Mid-Market,3
2023-06,2023-11,SMB,9
2023-06,2023-10,Mid-Market,1
2023-06,2023-10,SMB,12
2023-06,2023-09,Mid-Market,3
2023-06,2023-09,SMB,9
2023-06,2023-08,SMB,10
2023-06,2023-07,SMB,7
2023-05,2025-05,Enterprise,2
2023-05,2025-05,Mid-Market,2
2023-05,2025-05,SMB,12
2023-05,2025-04,Mid-Market,4
2023-05,2025-04,SMB,16
2023-05,2025-03,Enterprise,3
2023-05,2025-03,Mid-Market,5
2023-05,2025-03,SMB,12
2023-05,2025-02,Mid-Market,1
2023-05,2025-02,SMB,8
2023-05,2025-01,Mid-Market,1
2023-05,2025-01,SMB,8
2023-05,2024-12,Mid-Market,4
2023-05,2024-12,SMB,12
2023-05,2024-11,Enterprise,2
2023-05,2024-11,Mid-Market,4
2023-05,2024-11,SMB,13
2023-05,2024-10,Enterprise,1
2023-05,2024-10,Mid-Market,3
2023-05,2024-10,SMB,4
2023-05,2024-09,Mid-Market,2
2023-05,2024-09,SMB,17
2023-05,2024-08,Mid-Market,8
2023-05,2024-08,SMB,11
2023-05,2024-07,Enterprise,1
2023-05,2024-07,Mid-Market,1
2023-05,2024-07,SMB,16
2023-05,2024-06,Enterprise,1
2023-05,2024-06,Mid-Market,1
2023-05,2024-06,SMB,7
2023-05,2024-05,Enterprise,2
2023-05,2024-05,Mid-Market,1
2023-05,2024-05,SMB,8
2023-05,2024-04,Mid-Market,5
2023-05,2024-04,SMB,7
2023-05,2024-03,Mid-Market,1
2023-05,2024-03,SMB,10
2023-05,2024-02,Enterprise,2
2023-05,2024-02,Mid-Market,1
2023-05,2024-02,SMB,11
2023-05,2024-01,Mid-Market,5
2023-05,2024-01,SMB,13
2023-05,2023-12,Mid-Market,2
2023-05,2023-12,SMB,12
2023-05,2023-11,Enterprise,1
2023-05,2023-11,Mid-Market,3
2023-05,2023-11,SMB,16
2023-05,2023-10,Mid-Market,5
2023-05,2023-10,SMB,12
2023-05,2023-09,Enterprise,1
2023-05,2023-09,Mid-Market,3
2023-05,2023-09,SMB,12
2023-05,2023-08,Mid-Market,2
2023-05,2023-08,SMB,6
2023-05,2023-07,Mid-Market,5
2023-05,2023-07,SMB,14
2023-05,2023-06,SMB,10
2023-04,2025-05,Enterprise,1
2023-04,2025-05,Mid-Market,2
2023-04,2025-05,SMB,13
2023-04,2025-04,Enterprise,1
2023-04,2025-04,Mid-Market,4
2023-04,2025-04,SMB,14
2023-04,2025-03,Enterprise,2
2023-04,2025-03,Mid-Market,4
2023-04,2025-03,SMB,13
2023-04,2025-02,Enterprise,2
2023-04,2025-02,Mid-Market,3
2023-04,2025-02,SMB,8
2023-04,2025-01,Enterprise,1
2023-04,2025-01,Mid-Market,1
2023-04,2025-01,SMB,10
2023-04,2024-12,Enterprise,4
2023-04,2024-12,Mid-Market,5
2023-04,2024-12,SMB,10
2023-04,2024-11,Enterprise,1
2023-04,2024-11,Mid-Market,1
2023-04,2024-11,SMB,8
2023-04,2024-10,Enterprise,1
2023-04,2024-10,Mid-Market,1
2023-04,2024-10,SMB,12
2023-04,2024-09,Mid-Market,2
2023-04,2024-09,SMB,13
2023-04,2024-08,Enterprise,2
2023-04,2024-08,Mid-Market,3
2023-04,2024-08,SMB,10
2023-04,2024-07,Enterprise,1
2023-04,2024-07,Mid-Market,3
2023-04,2024-07,SMB,9
2023-04,2024-06,Enterprise,2
2023-04,2024-06,Mid-Market,2
2023-04,2024-06,SMB,14
2023-04,2024-05,Enterprise,3
2023-04,2024-05,SMB,12
2023-04,2024-04,Mid-Market,2
2023-04,2024-04,SMB,5
2023-04,2024-03,Mid-Market,1
2023-04,2024-03,SMB,9
2023-04,2024-02,Mid-Market,3
2023-04,2024-02,SMB,7
2023-04,2024-01,Enterprise,2
2023-04,2024-01,Mid-Market,1
2023-04,2024-01,SMB,11
2023-04,2023-12,Mid-Market,3
2023-04,2023-12,SMB,7
2023-04,2023-11,Enterprise,1
2023-04,2023-11,SMB,8
2023-04,2023-10,Mid-Market,1
2023-04,2023-10,SMB,13
2023-04,2023-09,Mid-Market,2
2023-04,2023-09,SMB,9
2023-04,2023-08,Enterprise,3
2023-04,2023-08,Mid-Market,2
2023-04,2023-08,SMB,12
2023-04,2023-07,SMB,9
2023-04,2023-06,Mid-Market,1
2023-04,2023-06,SMB,10
2023-04,2023-05,SMB,9
2023-03,2025-05,Enterprise,1
2023-03,2025-05,Mid-Market,7
2023-03,2025-05,SMB,13
2023-03,2025-04,Enterprise,1
2023-03,2025-04,Mid-Market,2
2023-03,2025-04,SMB,11
2023-03,2025-03,Mid-Market,3
2023-03,2025-03,SMB,11
2023-03,2025-02,Enterprise,3
2023-03,2025-02,Mid-Market,3
2023-03,2025-02,SMB,11
2023-03,2025-01,Enterprise,1
2023-03,2025-01,Mid-Market,4
2023-03,2025-01,SMB,19
2023-03,2024-12,Enterprise,1
2023-03,2024-12,Mid-Market,2
2023-03,2024-12,SMB,14
2023-03,2024-11,Mid-Market,5
2023-03,2024-11,SMB,16
2023-03,2024-10,Enterprise,1
2023-03,2024-10,Mid-Market,2
2023-03,2024-10,SMB,13
2023-03,2024-09,Mid-Market,1
2023-03,2024-09,SMB,13
2023-03,2024-08,Enterprise,2
2023-03,2024-08,Mid-Market,2
2023-03,2024-08,SMB,3
2023-03,2024-07,Enterprise,2
2023-03,2024-07,Mid-Market,3
2023-03,2024-07,SMB,16
2023-03,2024-06,Enterprise,1
2023-03,2024-06,Mid-Market,5
2023-03,2024-06,SMB,15
2023-03,2024-05,Enterprise,1
2023-03,2024-05,Mid-Market,4
2023-03,2024-05,SMB,12
2023-03,2024-04,Mid-Market,2
2023-03,2024-04,SMB,13
2023-03,2024-03,Enterprise,1
2023-03,2024-03,Mid-Market,1
2023-03,2024-03,SMB,10
2023-03,2024-02,Mid-Market,3
2023-03,2024-02,SMB,6
2023-03,2024-01,Mid-Market,2
2023-03,2024-01,SMB,11
2023-03,2023-12,Enterprise,1
2023-03,2023-12,Mid-Market,1
2023-03,2023-12,SMB,11
2023-03,2023-11,Enterprise,3
2023-03,2023-11,Mid-Market,2
2023-03,2023-11,SMB,16
2023-03,2023-10,Enterprise,1
2023-03,2023-10,Mid-Market,4
2023-03,2023-10,SMB,11
2023-03,2023-09,Mid-Market,2
2023-03,2023-09,SMB,6
2023-03,2023-08,Mid-Market,3
2023-03,2023-08,SMB,13
2023-03,2023-07,Mid-Market,3
2023-03,2023-07,SMB,9
2023-03,2023-06,Mid-Market,2
2023-03,2023-06,SMB,18
2023-03,2023-05,SMB,14
2023-03,2023-04,SMB,2
2023-02,2025-05,Enterprise,1
2023-02,2025-05,Mid-Market,3
2023-02,2025-05,SMB,8
2023-02,2025-04,Mid-Market,3
2023-02,2025-04,SMB,13
2023-02,2025-03,Enterprise,1
2023-02,2025-03,Mid-Market,2
2023-02,2025-03,SMB,9
2023-02,2025-02,Mid-Market,1
2023-02,2025-02,SMB,10
2023-02,2025-01,Mid-Market,5
2023-02,2025-01,SMB,16
2023-02,2024-12,Mid-Market,5
2023-02,2024-12,SMB,9
2023-02,2024-11,Enterprise,2
2023-02,2024-11,Mid-Market,5
2023-02,2024-11,SMB,7
2023-02,2024-10,Enterprise,1
2023-02,2024-10,Mid-Market,1
2023-02,2024-10,SMB,14
2023-02,2024-09,Enterprise,1
2023-02,2024-09,Mid-Market,2
2023-02,2024-09,SMB,11
2023-02,2024-08,Mid-Market,1
2023-02,2024-08,SMB,11
2023-02,2024-07,Enterprise,2
2023-02,2024-07,Mid-Market,3
2023-02,2024-07,SMB,15
2023-02,2024-06,Enterprise,1
2023-02,2024-06,Mid-Market,2
2023-02,2024-06,SMB,13
2023-02,2024-05,Enterprise,3
2023-02,2024-05,Mid-Market,3
2023-02,2024-05,SMB,13
2023-02,2024-04,Enterprise,1
2023-02,2024-04,Mid-Market,2
2023-02,2024-04,SMB,10
2023-02,2024-03,Mid-Market,2
2023-02,2024-03,SMB,9
2023-02,2024-02,Mid-Market,3
2023-02,2024-02,SMB,15
2023-02,2024-01,Mid-Market,2
2023-02,2024-01,SMB,10
2023-02,2023-12,SMB,8
2023-02,2023-11,Mid-Market,4
2023-02,2023-11,SMB,14
2023-02,2023-10,Mid-Market,2
2023-02,2023-10,SMB,12
2023-02,2023-09,Enterprise,1
2023-02,2023-09,Mid-Market,3
2023-02,2023-09,SMB,11
2023-02,2023-08,Enterprise,2
2023-02,2023-08,Mid-Market,2
2023-02,2023-08,SMB,11
2023-02,2023-07,Enterprise,1
2023-02,2023-07,Mid-Market,2
2023-02,2023-07,SMB,5
2023-02,2023-06,Mid-Market,5
2023-02,2023-06,SMB,13
2023-02,2023-05,Mid-Market,3
2023-02,2023-05,SMB,9
2023-02,2023-04,Mid-Market,1
2023-02,2023-04,SMB,15
2023-02,2023-03,SMB,9
2023-01,2025-05,Mid-Market,6
2023-01,2025-05,SMB,15
2023-01,2025-04,Enterprise,2
2023-01,2025-04,Mid-Market,1
2023-01,2025-04,SMB,13
2023-01,2025-03,Mid-Market,1
2023-01,2025-03,SMB,18
2023-01,2025-02,Enterprise,3
2023-01,2025-02,Mid-Market,5
2023-01,2025-02,SMB,11
2023-01,2025-01,Enterprise,1
2023-01,2025-01,Mid-Market,2
2023-01,2025-01,SMB,18
2023-01,2024-12,Mid-Market,3
2023-01,2024-12,SMB,10
2023-01,2024-11,Enterprise,3
2023-01,2024-11,Mid-Market,3
2023-01,2024-11,SMB,16
2023-01,2024-10,Mid-Market,6
2023-01,2024-10,SMB,8
2023-01,2024-09,Enterprise,3
2023-01,2024-09,Mid-Market,3
2023-01,2024-09,SMB,9
2023-01,2024-08,Enterprise,6
2023-01,2024-08,Mid-Market,1
2023-01,2024-08,SMB,9
2023-01,2024-07,Enterprise,3
2023-01,2024-07,Mid-Market,3
2023-01,2024-07,SMB,17
2023-01,2024-06,Enterprise,1
2023-01,2024-06,Mid-Market,3
2023-01,2024-06,SMB,6
2023-01,2024-05,Enterprise,1
2023-01,2024-05,Mid-Market,1
2023-01,2024-05,SMB,9
2023-01,2024-04,Enterprise,1
2023-01,2024-04,Mid-Market,2
2023-01,2024-04,SMB,11
2023-01,2024-03,Enterprise,2
2023-01,2024-03,Mid-Market,2
2023-01,2024-03,SMB,6
2023-01,2024-02,Mid-Market,3
2023-01,2024-02,SMB,7
2023-01,2024-01,Mid-Market,6
2023-01,2024-01,SMB,10
2023-01,2023-12,Enterprise,1
2023-01,2023-12,Mid-Market,1
2023-01,2023-12,SMB,9
2023-01,2023-11,Enterprise,1
2023-01,2023-11,Mid-Market,4
2023-01,2023-11,SMB,9
2023-01,2023-10,Enterprise,2
2023-01,2023-10,Mid-Market,3
2023-01,2023-10,SMB,13
2023-01,2023-09,SMB,11
2023-01,2023-08,Mid-Market,3
2023-01,2023-08,SMB,14
2023-01,2023-07,Mid-Market,1
2023-01,2023-07,SMB,21
2023-01,2023-06,Enterprise,1
2023-01,2023-06,Mid-Market,4
2023-01,2023-06,SMB,17
2023-01,2023-05,Mid-Market,3
2023-01,2023-05,SMB,9
2023-01,2023-04,Mid-Market,1
2023-01,2023-04,SMB,12
2023-01,2023-03,Mid-Market,1
2023-01,2023-03,SMB,6
2023-01,2023-02,SMB,3
2022-12,2025-05,Mid-Market,2
2022-12,2025-05,SMB,5
2022-12,2025-04,Enterprise,3
2022-12,2025-04,Mid-Market,4
2022-12,2025-04,SMB,12
2022-12,2025-03,Enterprise,1
2022-12,2025-03,Mid-Market,5
2022-12,2025-03,SMB,13
2022-12,2025-02,Mid-Market,8
2022-12,2025-02,SMB,9
2022-12,2025-01,Mid-Market,5
2022-12,2025-01,SMB,13
2022-12,2024-12,Enterprise,4
2022-12,2024-12,Mid-Market,6
2022-12,2024-12,SMB,14
2022-12,2024-11,Mid-Market,3
2022-12,2024-11,SMB,9
2022-12,2024-10,Mid-Market,3
2022-12,2024-10,SMB,12
2022-12,2024-09,Enterprise,1
2022-12,2024-09,Mid-Market,3
2022-12,2024-09,SMB,13
2022-12,2024-08,Enterprise,1
2022-12,2024-08,Mid-Market,2
2022-12,2024-08,SMB,10
2022-12,2024-07,Enterprise,3
2022-12,2024-07,Mid-Market,3
2022-12,2024-07,SMB,9
2022-12,2024-06,Enterprise,1
2022-12,2024-06,Mid-Market,5
2022-12,2024-06,SMB,14
2022-12,2024-05,Enterprise,1
2022-12,2024-05,Mid-Market,1
2022-12,2024-05,SMB,15
2022-12,2024-04,Mid-Market,7
2022-12,2024-04,SMB,13
2022-12,2024-03,Enterprise,1
2022-12,2024-03,Mid-Market,3
2022-12,2024-03,SMB,14
2022-12,2024-02,Enterprise,1
2022-12,2024-02,Mid-Market,3
2022-12,2024-02,SMB,15
2022-12,2024-01,Enterprise,3
2022-12,2024-01,Mid-Market,2
2022-12,2024-01,SMB,10
2022-12,2023-12,Enterprise,1
2022-12,2023-12,Mid-Market,8
2022-12,2023-12,SMB,18
2022-12,2023-11,Enterprise,1
2022-12,2023-11,Mid-Market,5
2022-12,2023-11,SMB,14
2022-12,2023-10,Enterprise,2
2022-12,2023-10,Mid-Market,1
2022-12,2023-10,SMB,15
2022-12,2023-09,Enterprise,2
2022-12,2023-09,Mid-Market,2
2022-12,2023-09,SMB,14
2022-12,2023-08,Mid-Market,3
2022-12,2023-08,SMB,12
2022-12,2023-07,Enterprise,4
2022-12,2023-07,Mid-Market,2
2022-12,2023-07,SMB,18
2022-12,2023-06,Enterprise,1
2022-12,2023-06,Mid-Market,5
2022-12,2023-06,SMB,12
2022-12,2023-05,Enterprise,1
2022-12,2023-05,Mid-Market,4
2022-12,2023-05,SMB,11
2022-12,2023-04,Mid-Market,2
2022-12,2023-04,SMB,13
2022-12,2023-03,Mid-Market,4
2022-12,2023-03,SMB,21
2022-12,2023-02,Mid-Market,3
2022-12,2023-02,SMB,13
2022-12,2023-01,SMB,6
2022-11,2025-05,Enterprise,2
2022-11,2025-05,Mid-Market,4
2022-11,2025-05,SMB,13
2022-11,2025-04,Enterprise,1
2022-11,2025-04,Mid-Market,2
2022-11,2025-04,SMB,10
2022-11,2025-03,Enterprise,1
2022-11,2025-03,Mid-Market,3
2022-11,2025-03,SMB,8
2022-11,2025-02,Enterprise,2
2022-11,2025-02,Mid-Market,1
2022-11,2025-02,SMB,10
2022-11,2025-01,Enterprise,2
2022-11,2025-01,SMB,16
2022-11,2024-12,Enterprise,1
2022-11,2024-12,Mid-Market,2
2022-11,2024-12,SMB,10
2022-11,2024-11,Mid-Market,1
2022-11,2024-11,SMB,8
2022-11,2024-10,Enterprise,4
2022-11,2024-10,Mid-Market,2
2022-11,2024-10,SMB,4
2022-11,2024-09,Mid-Market,2
2022-11,2024-09,SMB,12
2022-11,2024-08,Enterprise,1
2022-11,2024-08,Mid-Market,1
2022-11,2024-08,SMB,14
2022-11,2024-07,Enterprise,2
2022-11,2024-07,Mid-Market,1
2022-11,2024-07,SMB,11
2022-11,2024-06,Enterprise,2
2022-11,2024-06,Mid-Market,3
2022-11,2024-06,SMB,7
2022-11,2024-05,Enterprise,1
2022-11,2024-05,Mid-Market,2
2022-11,2024-05,SMB,13
2022-11,2024-04,Mid-Market,2
2022-11,2024-04,SMB,9
2022-11,2024-03,Mid-Market,2
2022-11,2024-03,SMB,5
2022-11,2024-02,Enterprise,1
2022-11,2024-02,Mid-Market,5
2022-11,2024-02,SMB,11
2022-11,2024-01,Mid-Market,4
2022-11,2024-01,SMB,11
2022-11,2023-12,Mid-Market,1
2022-11,2023-12,SMB,16
2022-11,2023-11,Enterprise,1
2022-11,2023-11,SMB,9
2022-11,2023-10,Mid-Market,2
2022-11,2023-10,SMB,16
2022-11,2023-09,Enterprise,1
2022-11,2023-09,Mid-Market,2
2022-11,2023-09,SMB,22
2022-11,2023-08,Enterprise,1
2022-11,2023-08,Mid-Market,4
2022-11,2023-08,SMB,6
2022-11,2023-07,Mid-Market,3
2022-11,2023-07,SMB,11
2022-11,2023-06,Enterprise,2
2022-11,2023-06,SMB,13
2022-11,2023-05,Enterprise,1
2022-11,2023-05,Mid-Market,1
2022-11,2023-05,SMB,9
2022-11,2023-04,Mid-Market,2
2022-11,2023-04,SMB,8
2022-11,2023-03,Mid-Market,3
2022-11,2023-03,SMB,12
2022-11,2023-02,Mid-Market,2
2022-11,2023-02,SMB,7
2022-11,2023-01,Mid-Market,2
2022-11,2023-01,SMB,12
2022-11,2022-12,SMB,5
2022-10,2025-05,Enterprise,2
2022-10,2025-05,SMB,8
2022-10,2025-04,Mid-Market,1
2022-10,2025-04,SMB,6
2022-10,2025-03,Mid-Market,2
2022-10,2025-03,SMB,5
2022-10,2025-02,Mid-Market,3
2022-10,2025-02,SMB,8
2022-10,2025-01,Enterprise,1
2022-10,2025-01,Mid-Market,2
2022-10,2025-01,SMB,6
2022-10,2024-12,Enterprise,3
2022-10,2024-12,Mid-Market,2
2022-10,2024-12,SMB,12
2022-10,2024-11,Mid-Market,1
2022-10,2024-11,SMB,11
2022-10,2024-10,Mid-Market,2
2022-10,2024-10,SMB,9
2022-10,2024-09,Mid-Market,1
2022-10,2024-09,SMB,8
2022-10,2024-08,Enterprise,1
2022-10,2024-08,Mid-Market,2
2022-10,2024-08,SMB,6
2022-10,2024-07,Mid-Market,2
2022-10,2024-07,SMB,8
2022-10,2024-06,Enterprise,1
2022-10,2024-06,Mid-Market,2
2022-10,2024-06,SMB,17
2022-10,2024-05,Mid-Market,2
2022-10,2024-05,SMB,7
2022-10,2024-04,Mid-Market,2
2022-10,2024-04,SMB,9
2022-10,2024-03,Enterprise,2
2022-10,2024-03,Mid-Market,4
2022-10,2024-03,SMB,8
2022-10,2024-02,Enterprise,2
2022-10,2024-02,Mid-Market,2
2022-10,2024-02,SMB,7
2022-10,2024-01,Enterprise,1
2022-10,2024-01,Mid-Market,2
2022-10,2024-01,SMB,11
2022-10,2023-12,Enterprise,1
2022-10,2023-12,Mid-Market,5
2022-10,2023-12,SMB,8
2022-10,2023-11,Enterprise,3
2022-10,2023-11,Mid-Market,2
2022-10,2023-11,SMB,10
2022-10,2023-10,Enterprise,3
2022-10,2023-10,SMB,10
2022-10,2023-09,Enterprise,2
2022-10,2023-09,Mid-Market,1
2022-10,2023-09,SMB,10
2022-10,2023-08,Enterprise,1
2022-10,2023-08,SMB,6
2022-10,2023-07,Mid-Market,1
2022-10,2023-07,SMB,7
2022-10,2023-06,Enterprise,1
2022-10,2023-06,Mid-Market,2
2022-10,2023-06,SMB,6
2022-10,2023-05,Enterprise,1
2022-10,2023-05,Mid-Market,1
2022-10,2023-05,SMB,5
2022-10,2023-04,Mid-Market,2
2022-10,2023-04,SMB,9
2022-10,2023-03,Mid-Market,2
2022-10,2023-03,SMB,7
2022-10,2023-02,Mid-Market,1
2022-10,2023-02,SMB,6
2022-10,2023-01,Mid-Market,3
2022-10,2023-01,SMB,5
2022-10,2022-12,Mid-Market,2
2022-10,2022-12,SMB,6
2022-10,2022-11,SMB,7
2022-09,2025-05,Enterprise,1
2022-09,2025-05,Mid-Market,2
2022-09,2025-05,SMB,5
2022-09,2025-04,Enterprise,2
2022-09,2025-04,Mid-Market,2
2022-09,2025-04,SMB,3
2022-09,2025-03,Enterprise,1
2022-09,2025-03,Mid-Market,2
2022-09,2025-03,SMB,11
2022-09,2025-02,Enterprise,3
2022-09,2025-02,SMB,5
2022-09,2025-01,Mid-Market,2
2022-09,2025-01,SMB,10
2022-09,2024-12,Enterprise,1
2022-09,2024-12,Mid-Market,4
2022-09,2024-12,SMB,12
2022-09,2024-11,Mid-Market,5
2022-09,2024-11,SMB,4
2022-09,2024-10,Mid-Market,1
2022-09,2024-10,SMB,9
2022-09,2024-09,Mid-Market,2
2022-09,2024-09,SMB,5
2022-09,2024-08,Mid-Market,2
2022-09,2024-08,SMB,7
2022-09,2024-07,Mid-Market,2
2022-09,2024-07,SMB,4
2022-09,2024-06,Enterprise,1
2022-09,2024-06,Mid-Market,1
2022-09,2024-06,SMB,9
2022-09,2024-05,Enterprise,1
2022-09,2024-05,Mid-Market,3
2022-09,2024-05,SMB,9
2022-09,2024-04,Enterprise,3
2022-09,2024-04,SMB,12
2022-09,2024-03,Enterprise,1
2022-09,2024-03,SMB,10
2022-09,2024-02,Mid-Market,3
2022-09,2024-02,SMB,2
2022-09,2024-01,Mid-Market,2
2022-09,2024-01,SMB,14
2022-09,2023-12,Enterprise,3
2022-09,2023-12,Mid-Market,3
2022-09,2023-12,SMB,8
2022-09,2023-11,Enterprise,3
2022-09,2023-11,Mid-Market,2
2022-09,2023-11,SMB,6
2022-09,2023-10,SMB,10
2022-09,2023-09,Enterprise,1
2022-09,2023-09,Mid-Market,1
2022-09,2023-09,SMB,8
2022-09,2023-08,Enterprise,1
2022-09,2023-08,Mid-Market,1
2022-09,2023-08,SMB,5
2022-09,2023-07,Mid-Market,3
2022-09,2023-07,SMB,5
2022-09,2023-06,Mid-Market,2
2022-09,2023-06,SMB,10
2022-09,2023-05,Enterprise,2
2022-09,2023-05,Mid-Market,2
2022-09,2023-05,SMB,7
2022-09,2023-04,Enterprise,2
2022-09,2023-04,SMB,7
2022-09,2023-03,SMB,6
2022-09,2023-02,Enterprise,1
2022-09,2023-02,Mid-Market,2
2022-09,2023-02,SMB,7
2022-09,2023-01,Mid-Market,3
2022-09,2023-01,SMB,10
2022-09,2022-12,Mid-Market,1
2022-09,2022-12,SMB,12
2022-09,2022-11,Mid-Market,3
2022-09,2022-11,SMB,3
2022-09,2022-10,SMB,8
2022-08,2025-05,Enterprise,1
2022-08,2025-05,Mid-Market,2
2022-08,2025-05,SMB,5
2022-08,2025-04,Enterprise,1
2022-08,2025-04,Mid-Market,2
2022-08,2025-04,SMB,8
2022-08,2025-03,SMB,5
2022-08,2025-02,Mid-Market,3
2022-08,2025-02,SMB,9
2022-08,2025-01,Mid-Market,1
2022-08,2025-01,SMB,4
2022-08,2024-12,SMB,5
2022-08,2024-11,Enterprise,1
2022-08,2024-11,Mid-Market,2
2022-08,2024-11,SMB,6
2022-08,2024-10,Enterprise,1
2022-08,2024-10,Mid-Market,1
2022-08,2024-10,SMB,9
2022-08,2024-09,Enterprise,1
2022-08,2024-09,Mid-Market,2
2022-08,2024-09,SMB,4
2022-08,2024-08,Enterprise,1
2022-08,2024-08,Mid-Market,1
2022-08,2024-08,SMB,6
2022-08,2024-07,Mid-Market,1
2022-08,2024-07,SMB,3
2022-08,2024-06,SMB,10
2022-08,2024-05,Mid-Market,2
2022-08,2024-05,SMB,12
2022-08,2024-04,Enterprise,2
2022-08,2024-04,Mid-Market,2
2022-08,2024-04,SMB,6
2022-08,2024-03,Enterprise,1
2022-08,2024-03,Mid-Market,4
2022-08,2024-03,SMB,7
2022-08,2024-02,Mid-Market,1
2022-08,2024-02,SMB,6
2022-08,2024-01,Mid-Market,1
2022-08,2024-01,SMB,10
2022-08,2023-12,Mid-Market,1
2022-08,2023-12,SMB,4
2022-08,2023-11,Mid-Market,1
2022-08,2023-11,SMB,4
2022-08,2023-10,Mid-Market,4
2022-08,2023-10,SMB,6
2022-08,2023-09,Mid-Market,2
2022-08,2023-09,SMB,7
2022-08,2023-08,Enterprise,2
2022-08,2023-08,Mid-Market,1
2022-08,2023-08,SMB,3
2022-08,2023-07,Mid-Market,1
2022-08,2023-07,SMB,7
2022-08,2023-06,Mid-Market,1
2022-08,2023-06,SMB,10
2022-08,2023-05,Mid-Market,1
2022-08,2023-05,SMB,4
2022-08,2023-04,Enterprise,1
2022-08,2023-04,Mid-Market,4
2022-08,2023-04,SMB,4
2022-08,2023-03,SMB,8
2022-08,2023-02,Enterprise,1
2022-08,2023-02,Mid-Market,1
2022-08,2023-02,SMB,7
2022-08,2023-01,Mid-Market,2
2022-08,2023-01,SMB,11
2022-08,2022-12,Mid-Market,3
2022-08,2022-12,SMB,9
2022-08,2022-11,Mid-Market,3
2022-08,2022-11,SMB,5
2022-08,2022-10,Mid-Market,1
2022-08,2022-10,SMB,8
2022-08,2022-09,SMB,4
2022-07,2025-05,SMB,7
2022-07,2025-04,Enterprise,1
2022-07,2025-04,Mid-Market,3
2022-07,2025-04,SMB,6
2022-07,2025-03,Enterprise,1
2022-07,2025-03,Mid-Market,4
2022-07,2025-03,SMB,4
2022-07,2025-02,Mid-Market,1
2022-07,2025-02,SMB,5
2022-07,2025-01,SMB,6
2022-07,2024-12,Enterprise,1
2022-07,2024-12,SMB,7
2022-07,2024-11,Mid-Market,1
2022-07,2024-11,SMB,4
2022-07,2024-10,Mid-Market,2
2022-07,2024-10,SMB,9
2022-07,2024-09,Enterprise,1
2022-07,2024-09,Mid-Market,2
2022-07,2024-09,SMB,3
2022-07,2024-08,SMB,5
2022-07,2024-07,SMB,2
2022-07,2024-06,Mid-Market,1
2022-07,2024-06,SMB,4
2022-07,2024-05,Mid-Market,1
2022-07,2024-05,SMB,9
2022-07,2024-04,Mid-Market,1
2022-07,2024-04,SMB,3
2022-07,2024-03,SMB,2
2022-07,2024-02,SMB,4
2022-07,2024-01,SMB,7
2022-07,2023-12,SMB,4
2022-07,2023-11,Enterprise,1
2022-07,2023-11,Mid-Market,1
2022-07,2023-11,SMB,2
2022-07,2023-10,SMB,7
2022-07,2023-09,Enterprise,1
2022-07,2023-09,Mid-Market,2
2022-07,2023-09,SMB,3
2022-07,2023-08,Enterprise,3
2022-07,2023-08,Mid-Market,1
2022-07,2023-08,SMB,4
2022-07,2023-07,Enterprise,1
2022-07,2023-07,SMB,4
2022-07,2023-06,SMB,4
2022-07,2023-05,Enterprise,1
2022-07,2023-05,Mid-Market,1
2022-07,2023-05,SMB,3
2022-07,2023-04,Enterprise,1
2022-07,2023-04,Mid-Market,1
2022-07,2023-04,SMB,3
2022-07,2023-03,SMB,4
2022-07,2023-02,Enterprise,1
2022-07,2023-02,Mid-Market,1
2022-07,2023-02,SMB,4
2022-07,2023-01,Mid-Market,1
2022-07,2023-01,SMB,6
2022-07,2022-12,Enterprise,2
2022-07,2022-12,Mid-Market,3
2022-07,2022-12,SMB,5
2022-07,2022-11,SMB,2
2022-07,2022-10,SMB,3
2022-07,2022-09,SMB,3
2022-07,2022-08,SMB,3
2022-06,2025-05,Mid-Market,1
2022-06,2025-05,SMB,5
2022-06,2025-04,Enterprise,1
2022-06,2025-04,SMB,4
2022-06,2025-03,Mid-Market,2
2022-06,2025-03,SMB,6
2022-06,2025-02,Mid-Market,3
2022-06,2025-02,SMB,6
2022-06,2025-01,Mid-Market,2
2022-06,2025-01,SMB,5
2022-06,2024-12,Enterprise,1
2022-06,2024-12,Mid-Market,1
2022-06,2024-12,SMB,4
2022-06,2024-11,Mid-Market,2
2022-06,2024-11,SMB,1
2022-06,2024-10,Mid-Market,3
2022-06,2024-10,SMB,7
2022-06,2024-09,Enterprise,1
2022-06,2024-09,Mid-Market,3
2022-06,2024-09,SMB,4
2022-06,2024-08,Enterprise,2
2022-06,2024-08,Mid-Market,2
2022-06,2024-08,SMB,5
2022-06,2024-07,Enterprise,1
2022-06,2024-07,Mid-Market,2
2022-06,2024-07,SMB,7
2022-06,2024-06,SMB,4
2022-06,2024-05,Enterprise,2
2022-06,2024-05,Mid-Market,1
2022-06,2024-05,SMB,7
2022-06,2024-04,Mid-Market,1
2022-06,2024-04,SMB,6
2022-06,2024-03,Mid-Market,1
2022-06,2024-03,SMB,8
2022-06,2024-02,Mid-Market,3
2022-06,2024-02,SMB,4
2022-06,2024-01,Enterprise,1
2022-06,2024-01,SMB,5
2022-06,2023-12,Mid-Market,2
2022-06,2023-12,SMB,7
2022-06,2023-11,Mid-Market,1
2022-06,2023-11,SMB,9
2022-06,2023-10,SMB,3
2022-06,2023-09,Enterprise,1
2022-06,2023-09,Mid-Market,1
2022-06,2023-09,SMB,3
2022-06,2023-08,SMB,4
2022-06,2023-07,Mid-Market,1
2022-06,2023-07,SMB,3
2022-06,2023-06,Mid-Market,1
2022-06,2023-06,SMB,2
2022-06,2023-05,Mid-Market,2
2022-06,2023-05,SMB,1
2022-06,2023-04,SMB,2
2022-06,2023-03,Enterprise,1
2022-06,2023-03,SMB,7
2022-06,2023-02,SMB,11
2022-06,2023-01,Mid-Market,1
2022-06,2023-01,SMB,5
2022-06,2022-12,Enterprise,1
2022-06,2022-12,Mid-Market,1
2022-06,2022-12,SMB,3
2022-06,2022-11,Enterprise,1
2022-06,2022-11,SMB,6
2022-06,2022-10,Mid-Market,2
2022-06,2022-10,SMB,7
2022-06,2022-09,SMB,1
2022-06,2022-08,Mid-Market,1
2022-06,2022-08,SMB,2
2022-06,2022-07,SMB,4
2022-05,2025-05,Enterprise,2
2022-05,2025-05,Mid-Market,1
2022-05,2025-05,SMB,9
2022-05,2025-04,Mid-Market,3
2022-05,2025-04,SMB,8
2022-05,2025-03,Mid-Market,2
2022-05,2025-03,SMB,7
2022-05,2025-02,Mid-Market,1
2022-05,2025-02,SMB,10
2022-05,2025-01,SMB,9
2022-05,2024-12,Enterprise,1
2022-05,2024-12,Mid-Market,1
2022-05,2024-12,SMB,14
2022-05,2024-11,Enterprise,1
2022-05,2024-11,SMB,9
2022-05,2024-10,Enterprise,2
2022-05,2024-10,SMB,16
2022-05,2024-09,Mid-Market,1
2022-05,2024-09,SMB,8
2022-05,2024-08,Mid-Market,2
2022-05,2024-08,SMB,14
2022-05,2024-07,Enterprise,1
2022-05,2024-07,Mid-Market,1
2022-05,2024-07,SMB,6
2022-05,2024-06,Enterprise,1
2022-05,2024-06,Mid-Market,4
2022-05,2024-06,SMB,9
2022-05,2024-05,Enterprise,1
2022-05,2024-05,Mid-Market,3
2022-05,2024-05,SMB,11
2022-05,2024-04,Mid-Market,2
2022-05,2024-04,SMB,4
2022-05,2024-03,SMB,3
2022-05,2024-02,Enterprise,2
2022-05,2024-02,Mid-Market,2
2022-05,2024-02,SMB,6
2022-05,2024-01,Enterprise,1
2022-05,2024-01,Mid-Market,1
2022-05,2024-01,SMB,8
2022-05,2023-12,Enterprise,2
2022-05,2023-12,Mid-Market,1
2022-05,2023-12,SMB,11
2022-05,2023-11,Mid-Market,1
2022-05,2023-11,SMB,6
2022-05,2023-10,Mid-Market,2
2022-05,2023-10,SMB,8
2022-05,2023-09,Enterprise,3
2022-05,2023-09,Mid-Market,6
2022-05,2023-09,SMB,10
2022-05,2023-08,Enterprise,2
2022-05,2023-08,Mid-Market,1
2022-05,2023-08,SMB,11
2022-05,2023-07,Mid-Market,3
2022-05,2023-07,SMB,12
2022-05,2023-06,Mid-Market,1
2022-05,2023-06,SMB,7
2022-05,2023-05,Enterprise,5
2022-05,2023-05,Mid-Market,2
2022-05,2023-05,SMB,10
2022-05,2023-04,Mid-Market,2
2022-05,2023-04,SMB,14
2022-05,2023-03,Mid-Market,1
2022-05,2023-03,SMB,10
2022-05,2023-02,Mid-Market,1
2022-05,2023-02,SMB,8
2022-05,2023-01,SMB,9
2022-05,2022-12,Enterprise,1
2022-05,2022-12,Mid-Market,2
2022-05,2022-12,SMB,9
2022-05,2022-11,Mid-Market,1
2022-05,2022-11,SMB,7
2022-05,2022-10,Enterprise,1
2022-05,2022-10,Mid-Market,1
2022-05,2022-10,SMB,5
2022-05,2022-09,Mid-Market,1
2022-05,2022-09,SMB,11
2022-05,2022-08,Mid-Market,1
2022-05,2022-08,SMB,3
2022-05,2022-07,Mid-Market,2
2022-05,2022-07,SMB,8
2022-05,2022-06,SMB,3
