Signup Cohort Month,Segment,Churn Month,Cohort Size,Churned Customers,Retention %
2025-04,SMB,2025-05,1203,131,89.11
2025-03,Mid-Market,2025-05,558,41,92.65
2025-03,SMB,2025-05,1113,96,91.37
2025-03,SMB,2025-04,1113,35,96.86
2025-02,Mid-Market,2025-05,671,34,94.93
2025-02,SMB,2025-05,1314,71,94.6
2025-02,Mid-Market,2025-04,671,17,97.47
2025-02,SMB,2025-04,1314,59,95.51
2025-02,SMB,2025-03,1314,40,96.96
2025-01,Enterprise,2025-05,334,33,90.12
2025-01,Mid-Market,2025-05,873,13,98.51
2025-01,SMB,2025-05,1770,70,96.05
2025-01,Mid-Market,2025-04,873,32,96.33
2025-01,SMB,2025-04,1770,91,94.86
2025-01,Mid-Market,2025-03,873,13,98.51
2025-01,SMB,2025-03,1770,54,96.95
2025-01,SMB,2025-02,1770,44,97.51
2024-12,Enterprise,2025-05,210,10,95.24
2024-12,Mid-Market,2025-05,652,15,97.7
2024-12,SMB,2025-05,1344,45,96.65
2024-12,Enterprise,2025-04,210,5,97.62
2024-12,Mid-Market,2025-04,652,15,97.7
2024-12,SMB,2025-04,1344,52,96.13
2024-12,Mid-Market,2025-03,652,14,97.85
2024-12,SMB,2025-03,1344,43,96.8
2024-12,Mid-Market,2025-02,652,6,99.08
2024-12,SMB,2025-02,1344,42,96.88
2024-12,SMB,2025-01,1344,28,97.92
2024-11,Enterprise,2025-05,259,14,94.59
2024-11,Mid-Market,2025-05,718,9,98.75
2024-11,SMB,2025-05,1507,56,96.28
2024-11,Enterprise,2025-04,259,12,95.37
2024-11,Mid-Market,2025-04,718,8,98.89
2024-11,SMB,2025-04,1507,53,96.48
2024-11,Enterprise,2025-03,259,1,99.61
2024-11,Mid-Market,2025-03,718,18,97.49
2024-11,SMB,2025-03,1507,56,96.28
2024-11,Mid-Market,2025-02,718,17,97.63
2024-11,SMB,2025-02,1507,57,96.22
2024-11,Mid-Market,2025-01,718,9,98.75
2024-11,SMB,2025-01,1507,56,96.28
2024-11,SMB,2024-12,1507,28,98.14
2024-10,Enterprise,2025-05,208,11,94.71
2024-10,Mid-Market,2025-05,609,10,98.36
2024-10,SMB,2025-05,1284,44,96.57
2024-10,Enterprise,2025-04,208,8,96.15
2024-10,Mid-Market,2025-04,609,9,98.52
2024-10,SMB,2025-04,1284,38,97.04
2024-10,Enterprise,2025-03,208,6,97.12
2024-10,Mid-Market,2025-03,609,11,98.19
2024-10,SMB,2025-03,1284,52,95.95
2024-10,Enterprise,2025-02,208,3,98.56
2024-10,Mid-Market,2025-02,609,7,98.85
2024-10,SMB,2025-02,1284,28,97.82
2024-10,Mid-Market,2025-01,609,8,98.69
2024-10,SMB,2025-01,1284,26,97.98
2024-10,Mid-Market,2024-12,609,3,99.51
2024-10,SMB,2024-12,1284,40,96.88
2024-10,SMB,2024-11,1284,23,98.21
2024-09,Enterprise,2025-05,202,6,97.03
2024-09,Mid-Market,2025-05,555,8,98.56
2024-09,SMB,2025-05,1272,33,97.41
2024-09,Enterprise,2025-04,202,6,97.03
2024-09,Mid-Market,2025-04,555,7,98.74
2024-09,SMB,2025-04,1272,38,97.01
2024-09,Enterprise,2025-03,202,5,97.52
2024-09,Mid-Market,2025-03,555,8,98.56
2024-09,SMB,2025-03,1272,34,97.33
2024-09,Enterprise,2025-02,202,2,99.01
2024-09,Mid-Market,2025-02,555,8,98.56
2024-09,SMB,2025-02,1272,42,96.7
2024-09,Enterprise,2025-01,202,2,99.01
2024-09,Mid-Market,2025-01,555,9,98.38
2024-09,SMB,2025-01,1272,33,97.41
2024-09,Mid-Market,2024-12,555,10,98.2
2024-09,SMB,2024-12,1272,34,97.33
2024-09,Mid-Market,2024-11,555,2,99.64
2024-09,SMB,2024-11,1272,35,97.25
2024-09,SMB,2024-10,1272,19,98.51
2024-08,Enterprise,2025-05,150,3,98.0
2024-08,Mid-Market,2025-05,428,4,99.07
2024-08,SMB,2025-05,847,25,97.05
2024-08,Enterprise,2025-04,150,1,99.33
2024-08,Mid-Market,2025-04,428,4,99.07
2024-08,SMB,2025-04,847,21,97.52
2024-08,Enterprise,2025-03,150,1,99.33
2024-08,Mid-Market,2025-03,428,5,98.83
2024-08,SMB,2025-03,847,25,97.05
2024-08,Enterprise,2025-02,150,1,99.33
2024-08,Mid-Market,2025-02,428,3,99.3
2024-08,SMB,2025-02,847,23,97.28
2024-08,Mid-Market,2025-01,428,9,97.9
2024-08,SMB,2025-01,847,17,97.99
2024-08,Enterprise,2024-12,150,4,97.33
2024-08,Mid-Market,2024-12,428,4,99.07
2024-08,SMB,2024-12,847,19,97.76
2024-08,Mid-Market,2024-11,428,4,99.07
2024-08,SMB,2024-11,847,30,96.46
2024-08,Mid-Market,2024-10,428,2,99.53
2024-08,SMB,2024-10,847,19,97.76
2024-08,SMB,2024-09,847,8,99.06
2024-07,Enterprise,2025-05,178,2,98.88
2024-07,Mid-Market,2025-05,489,8,98.36
2024-07,SMB,2025-05,962,21,97.82
2024-07,Enterprise,2025-04,178,2,98.88
2024-07,Mid-Market,2025-04,489,2,99.59
2024-07,SMB,2025-04,962,24,97.51
2024-07,Enterprise,2025-03,178,3,98.31
2024-07,Mid-Market,2025-03,489,6,98.77
2024-07,SMB,2025-03,962,21,97.82
2024-07,Enterprise,2025-02,178,3,98.31
2024-07,Mid-Market,2025-02,489,1,99.8
2024-07,SMB,2025-02,962,25,97.4
2024-07,Enterprise,2025-01,178,5,97.19
2024-07,Mid-Market,2025-01,489,10,97.96
2024-07,SMB,2025-01,962,27,97.19
2024-07,Enterprise,2024-12,178,3,98.31
2024-07,Mid-Market,2024-12,489,3,99.39
2024-07,SMB,2024-12,962,32,96.67
2024-07,Enterprise,2024-11,178,2,98.88
2024-07,Mid-Market,2024-11,489,3,99.39
2024-07,SMB,2024-11,962,27,97.19
2024-07,Mid-Market,2024-10,489,2,99.59
2024-07,SMB,2024-10,962,23,97.61
2024-07,Mid-Market,2024-09,489,4,99.18
2024-07,SMB,2024-09,962,17,98.23
2024-07,SMB,2024-08,962,14,98.54
2024-06,Enterprise,2025-05,169,2,98.82
2024-06,Mid-Market,2025-05,556,7,98.74
2024-06,SMB,2025-05,1033,25,97.58
2024-06,Enterprise,2025-04,169,2,98.82
2024-06,Mid-Market,2025-04,556,4,99.28
2024-06,SMB,2025-04,1033,17,98.35
2024-06,Enterprise,2025-03,169,2,98.82
2024-06,Mid-Market,2025-03,556,6,98.92
2024-06,SMB,2025-03,1033,23,97.77
2024-06,Enterprise,2025-02,169,3,98.22
2024-06,Mid-Market,2025-02,556,4,99.28
2024-06,SMB,2025-02,1033,16,98.45
2024-06,Enterprise,2025-01,169,5,97.04
2024-06,Mid-Market,2025-01,556,3,99.46
2024-06,SMB,2025-01,1033,18,98.26
2024-06,Enterprise,2024-12,169,1,99.41
2024-06,Mid-Market,2024-12,556,6,98.92
2024-06,SMB,2024-12,1033,20,98.06
2024-06,Enterprise,2024-11,169,2,98.82
2024-06,Mid-Market,2024-11,556,6,98.92
2024-06,SMB,2024-11,1033,25,97.58
2024-06,Mid-Market,2024-10,556,3,99.46
2024-06,SMB,2024-10,1033,20,98.06
2024-06,Mid-Market,2024-09,556,5,99.1
2024-06,SMB,2024-09,1033,15,98.55
2024-06,Mid-Market,2024-08,556,4,99.28
2024-06,SMB,2024-08,1033,28,97.29
2024-06,SMB,2024-07,1033,12,98.84
2024-05,Enterprise,2025-05,210,3,98.57
2024-05,Mid-Market,2025-05,669,5,99.25
2024-05,SMB,2025-05,1280,21,98.36
2024-05,Enterprise,2025-04,210,2,99.05
2024-05,Mid-Market,2025-04,669,5,99.25
2024-05,SMB,2025-04,1280,19,98.52
2024-05,Mid-Market,2025-03,669,4,99.4
2024-05,SMB,2025-03,1280,24,98.13
2024-05,Enterprise,2025-02,210,3,98.57
2024-05,Mid-Market,2025-02,669,8,98.8
2024-05,SMB,2025-02,1280,18,98.59
2024-05,Enterprise,2025-01,210,6,97.14
2024-05,Mid-Market,2025-01,669,6,99.1
2024-05,SMB,2025-01,1280,16,98.75
2024-05,Enterprise,2024-12,210,3,98.57
2024-05,Mid-Market,2024-12,669,8,98.8
2024-05,SMB,2024-12,1280,24,98.13
2024-05,Enterprise,2024-11,210,3,98.57
2024-05,Mid-Market,2024-11,669,5,99.25
2024-05,SMB,2024-11,1280,24,98.13
2024-05,Enterprise,2024-10,210,2,99.05
2024-05,Mid-Market,2024-10,669,8,98.8
2024-05,SMB,2024-10,1280,24,98.13
2024-05,Enterprise,2024-09,210,1,99.52
2024-05,Mid-Market,2024-09,669,5,99.25
2024-05,SMB,2024-09,1280,33,97.42
2024-05,Mid-Market,2024-08,669,4,99.4
2024-05,SMB,2024-08,1280,30,97.66
2024-05,Mid-Market,2024-07,669,3,99.55
2024-05,SMB,2024-07,1280,20,98.44
2024-05,SMB,2024-06,1280,12,99.06
2024-04,Enterprise,2025-05,350,2,99.43
2024-04,Mid-Market,2025-05,1091,9,99.18
2024-04,SMB,2025-05,2224,44,98.02
2024-04,Enterprise,2025-04,350,4,98.86
2024-04,Mid-Market,2025-04,1091,12,98.9
2024-04,SMB,2025-04,2224,35,98.43
2024-04,Enterprise,2025-03,350,6,98.29
2024-04,Mid-Market,2025-03,1091,9,99.18
2024-04,SMB,2025-03,2224,36,98.38
2024-04,Enterprise,2025-02,350,5,98.57
2024-04,Mid-Market,2025-02,1091,10,99.08
2024-04,SMB,2025-02,2224,43,98.07
2024-04,Enterprise,2025-01,350,6,98.29
2024-04,Mid-Market,2025-01,1091,8,99.27
2024-04,SMB,2025-01,2224,39,98.25
2024-04,Enterprise,2024-12,350,2,99.43
2024-04,Mid-Market,2024-12,1091,6,99.45
2024-04,SMB,2024-12,2224,45,97.98
2024-04,Enterprise,2024-11,350,1,99.71
2024-04,Mid-Market,2024-11,1091,6,99.45
2024-04,SMB,2024-11,2224,35,98.43
2024-04,Enterprise,2024-10,350,7,98.0
2024-04,Mid-Market,2024-10,1091,8,99.27
2024-04,SMB,2024-10,2224,34,98.47
2024-04,Enterprise,2024-09,350,5,98.57
2024-04,Mid-Market,2024-09,1091,7,99.36
2024-04,SMB,2024-09,2224,38,98.29
2024-04,Enterprise,2024-08,350,3,99.14
2024-04,Mid-Market,2024-08,1091,11,98.99
2024-04,SMB,2024-08,2224,41,98.16
2024-04,Mid-Market,2024-07,1091,8,99.27
2024-04,SMB,2024-07,2224,42,98.11
2024-04,Mid-Market,2024-06,1091,3,99.73
2024-04,SMB,2024-06,2224,53,97.62
2024-04,SMB,2024-05,2224,23,98.97
2024-03,Enterprise,2025-05,201,2,99.0
2024-03,Mid-Market,2025-05,641,6,99.06
2024-03,SMB,2025-05,1245,23,98.15
2024-03,Enterprise,2025-04,201,2,99.0
2024-03,Mid-Market,2025-04,641,7,98.91
2024-03,SMB,2025-04,1245,18,98.55
2024-03,Enterprise,2025-03,201,4,98.01
2024-03,Mid-Market,2025-03,641,7,98.91
2024-03,SMB,2025-03,1245,19,98.47
2024-03,Enterprise,2025-02,201,2,99.0
2024-03,Mid-Market,2025-02,641,3,99.53
2024-03,SMB,2025-02,1245,15,98.8
2024-03,Enterprise,2025-01,201,4,98.01
2024-03,Mid-Market,2025-01,641,5,99.22
2024-03,SMB,2025-01,1245,18,98.55
2024-03,Enterprise,2024-12,201,1,99.5
2024-03,Mid-Market,2024-12,641,2,99.69
2024-03,SMB,2024-12,1245,18,98.55
2024-03,Enterprise,2024-11,201,4,98.01
2024-03,Mid-Market,2024-11,641,7,98.91
2024-03,SMB,2024-11,1245,12,99.04
2024-03,Enterprise,2024-10,201,2,99.0
2024-03,Mid-Market,2024-10,641,5,99.22
2024-03,SMB,2024-10,1245,17,98.63
2024-03,Mid-Market,2024-09,641,1,99.84
2024-03,SMB,2024-09,1245,28,97.75
2024-03,Enterprise,2024-08,201,5,97.51
2024-03,Mid-Market,2024-08,641,4,99.38
2024-03,SMB,2024-08,1245,23,98.15
2024-03,Enterprise,2024-07,201,2,99.0
2024-03,Mid-Market,2024-07,641,3,99.53
2024-03,SMB,2024-07,1245,21,98.31
2024-03,Mid-Market,2024-06,641,4,99.38
2024-03,SMB,2024-06,1245,18,98.55
2024-03,Mid-Market,2024-05,641,1,99.84
2024-03,SMB,2024-05,1245,12,99.04
2024-03,SMB,2024-04,1245,9,99.28
2024-02,Mid-Market,2025-05,524,2,99.62
2024-02,SMB,2025-05,1115,14,98.74
2024-02,Enterprise,2025-04,174,1,99.43
2024-02,Mid-Market,2025-04,524,6,98.85
2024-02,SMB,2025-04,1115,10,99.1
2024-02,Enterprise,2025-03,174,1,99.43
2024-02,Mid-Market,2025-03,524,7,98.66
2024-02,SMB,2025-03,1115,20,98.21
2024-02,Enterprise,2025-02,174,4,97.7
2024-02,Mid-Market,2025-02,524,3,99.43
2024-02,SMB,2025-02,1115,20,98.21
2024-02,Enterprise,2025-01,174,1,99.43
2024-02,Mid-Market,2025-01,524,9,98.28
2024-02,SMB,2025-01,1115,15,98.65
2024-02,Enterprise,2024-12,174,2,98.85
2024-02,Mid-Market,2024-12,524,9,98.28
2024-02,SMB,2024-12,1115,16,98.57
2024-02,Enterprise,2024-11,174,3,98.28
2024-02,Mid-Market,2024-11,524,4,99.24
2024-02,SMB,2024-11,1115,20,98.21
2024-02,Mid-Market,2024-10,524,7,98.66
2024-02,SMB,2024-10,1115,16,98.57
2024-02,Enterprise,2024-09,174,3,98.28
2024-02,Mid-Market,2024-09,524,3,99.43
2024-02,SMB,2024-09,1115,11,99.01
2024-02,Mid-Market,2024-08,524,4,99.24
2024-02,SMB,2024-08,1115,15,98.65
2024-02,Enterprise,2024-07,174,3,98.28
2024-02,Mid-Market,2024-07,524,4,99.24
2024-02,SMB,2024-07,1115,15,98.65
2024-02,Mid-Market,2024-06,524,1,99.81
2024-02,SMB,2024-06,1115,20,98.21
2024-02,Mid-Market,2024-05,524,1,99.81
2024-02,SMB,2024-05,1115,18,98.39
2024-02,SMB,2024-04,1115,15,98.65
2024-02,SMB,2024-03,1115,11,99.01
2024-01,Enterprise,2025-05,299,6,97.99
2024-01,Mid-Market,2025-05,790,10,98.73
2024-01,SMB,2025-05,1727,33,98.09
2024-01,Enterprise,2025-04,299,2,99.33
2024-01,Mid-Market,2025-04,790,6,99.24
2024-01,SMB,2025-04,1727,24,98.61
2024-01,Enterprise,2025-03,299,4,98.66
2024-01,Mid-Market,2025-03,790,4,99.49
2024-01,SMB,2025-03,1727,18,98.96
2024-01,Enterprise,2025-02,299,4,98.66
2024-01,Mid-Market,2025-02,790,7,99.11
2024-01,SMB,2025-02,1727,24,98.61
2024-01,Enterprise,2025-01,299,1,99.67
2024-01,Mid-Market,2025-01,790,9,98.86
2024-01,SMB,2025-01,1727,24,98.61
2024-01,Enterprise,2024-12,299,2,99.33
2024-01,Mid-Market,2024-12,790,9,98.86
2024-01,SMB,2024-12,1727,28,98.38
2024-01,Enterprise,2024-11,299,6,97.99
2024-01,Mid-Market,2024-11,790,4,99.49
2024-01,SMB,2024-11,1727,28,98.38
2024-01,Mid-Market,2024-10,790,3,99.62
2024-01,SMB,2024-10,1727,28,98.38
2024-01,Enterprise,2024-09,299,1,99.67
2024-01,Mid-Market,2024-09,790,2,99.75
2024-01,SMB,2024-09,1727,21,98.78
2024-01,Enterprise,2024-08,299,4,98.66
2024-01,Mid-Market,2024-08,790,3,99.62
2024-01,SMB,2024-08,1727,28,98.38
2024-01,Enterprise,2024-07,299,2,99.33
2024-01,Mid-Market,2024-07,790,7,99.11
2024-01,SMB,2024-07,1727,15,99.13
2024-01,Enterprise,2024-06,299,4,98.66
2024-01,Mid-Market,2024-06,790,5,99.37
2024-01,SMB,2024-06,1727,19,98.9
2024-01,Enterprise,2024-05,299,2,99.33
2024-01,Mid-Market,2024-05,790,10,98.73
2024-01,SMB,2024-05,1727,24,98.61
2024-01,Mid-Market,2024-04,790,2,99.75
2024-01,SMB,2024-04,1727,24,98.61
2024-01,Mid-Market,2024-03,790,4,99.49
2024-01,SMB,2024-03,1727,24,98.61
2024-01,SMB,2024-02,1727,10,99.42
2023-12,Enterprise,2025-05,247,1,99.6
2023-12,Mid-Market,2025-05,806,2,99.75
2023-12,SMB,2025-05,1664,24,98.56
2023-12,Enterprise,2025-04,247,3,98.79
2023-12,Mid-Market,2025-04,806,5,99.38
2023-12,SMB,2025-04,1664,21,98.74
2023-12,Enterprise,2025-03,247,1,99.6
2023-12,Mid-Market,2025-03,806,7,99.13
2023-12,SMB,2025-03,1664,23,98.62
2023-12,Mid-Market,2025-02,806,6,99.26
2023-12,SMB,2025-02,1664,15,99.1
2023-12,Enterprise,2025-01,247,1,99.6
2023-12,Mid-Market,2025-01,806,3,99.63
2023-12,SMB,2025-01,1664,27,98.38
2023-12,Enterprise,2024-12,247,5,97.98
2023-12,Mid-Market,2024-12,806,4,99.5
2023-12,SMB,2024-12,1664,20,98.8
2023-12,Enterprise,2024-11,247,3,98.79
2023-12,Mid-Market,2024-11,806,5,99.38
2023-12,SMB,2024-11,1664,23,98.62
2023-12,Enterprise,2024-10,247,4,98.38
2023-12,Mid-Market,2024-10,806,7,99.13
2023-12,SMB,2024-10,1664,15,99.1
2023-12,Enterprise,2024-09,247,1,99.6
2023-12,Mid-Market,2024-09,806,3,99.63
2023-12,SMB,2024-09,1664,21,98.74
2023-12,Enterprise,2024-08,247,5,97.98
2023-12,Mid-Market,2024-08,806,4,99.5
2023-12,SMB,2024-08,1664,21,98.74
2023-12,Enterprise,2024-07,247,3,98.79
2023-12,Mid-Market,2024-07,806,7,99.13
2023-12,SMB,2024-07,1664,23,98.62
2023-12,Enterprise,2024-06,247,1,99.6
2023-12,Mid-Market,2024-06,806,6,99.26
2023-12,SMB,2024-06,1664,20,98.8
2023-12,Enterprise,2024-05,247,1,99.6
2023-12,Mid-Market,2024-05,806,12,98.51
2023-12,SMB,2024-05,1664,25,98.5
2023-12,Mid-Market,2024-04,806,5,99.38
2023-12,SMB,2024-04,1664,22,98.68
2023-12,Mid-Market,2024-03,806,8,99.01
2023-12,SMB,2024-03,1664,24,98.56
2023-12,Mid-Market,2024-02,806,3,99.63
2023-12,SMB,2024-02,1664,17,98.98
2023-12,SMB,2024-01,1664,11,99.34
2023-11,Enterprise,2025-05,237,1,99.58
2023-11,Mid-Market,2025-05,718,4,99.44
2023-11,SMB,2025-05,1483,14,99.06
2023-11,Enterprise,2025-04,237,2,99.16
2023-11,Mid-Market,2025-04,718,3,99.58
2023-11,SMB,2025-04,1483,18,98.79
2023-11,Enterprise,2025-03,237,2,99.16
2023-11,Mid-Market,2025-03,718,2,99.72
2023-11,SMB,2025-03,1483,14,99.06
2023-11,Enterprise,2025-02,237,1,99.58
2023-11,Mid-Market,2025-02,718,6,99.16
2023-11,SMB,2025-02,1483,23,98.45
2023-11,Enterprise,2025-01,237,1,99.58
2023-11,Mid-Market,2025-01,718,6,99.16
2023-11,SMB,2025-01,1483,17,98.85
2023-11,Enterprise,2024-12,237,1,99.58
2023-11,Mid-Market,2024-12,718,8,98.89
2023-11,SMB,2024-12,1483,20,98.65
2023-11,Mid-Market,2024-11,718,1,99.86
2023-11,SMB,2024-11,1483,22,98.52
2023-11,Enterprise,2024-10,237,2,99.16
2023-11,Mid-Market,2024-10,718,2,99.72
2023-11,SMB,2024-10,1483,26,98.25
2023-11,Enterprise,2024-09,237,1,99.58
2023-11,Mid-Market,2024-09,718,7,99.03
2023-11,SMB,2024-09,1483,20,98.65
2023-11,Enterprise,2024-08,237,2,99.16
2023-11,Mid-Market,2024-08,718,7,99.03
2023-11,SMB,2024-08,1483,9,99.39
2023-11,Enterprise,2024-07,237,2,99.16
2023-11,Mid-Market,2024-07,718,4,99.44
2023-11,SMB,2024-07,1483,28,98.11
2023-11,Enterprise,2024-06,237,3,98.73
2023-11,Mid-Market,2024-06,718,4,99.44
2023-11,SMB,2024-06,1483,21,98.58
2023-11,Enterprise,2024-05,237,2,99.16
2023-11,Mid-Market,2024-05,718,4,99.44
2023-11,SMB,2024-05,1483,24,98.38
2023-11,Enterprise,2024-04,237,2,99.16
2023-11,Mid-Market,2024-04,718,4,99.44
2023-11,SMB,2024-04,1483,23,98.45
2023-11,Mid-Market,2024-03,718,2,99.72
2023-11,SMB,2024-03,1483,19,98.72
2023-11,Mid-Market,2024-02,718,4,99.44
2023-11,SMB,2024-02,1483,12,99.19
2023-11,Mid-Market,2024-01,718,3,99.58
2023-11,SMB,2024-01,1483,25,98.31
2023-11,SMB,2023-12,1483,8,99.46
2023-10,Enterprise,2025-05,180,2,98.89
2023-10,Mid-Market,2025-05,555,3,99.46
2023-10,SMB,2025-05,1176,10,99.15
2023-10,Enterprise,2025-04,180,1,99.44
2023-10,SMB,2025-04,1176,13,98.89
2023-10,Mid-Market,2025-03,555,8,98.56
2023-10,SMB,2025-03,1176,12,98.98
2023-10,Enterprise,2025-02,180,2,98.89
2023-10,Mid-Market,2025-02,555,1,99.82
2023-10,SMB,2025-02,1176,12,98.98
2023-10,Enterprise,2025-01,180,2,98.89
2023-10,Mid-Market,2025-01,555,4,99.28
2023-10,SMB,2025-01,1176,15,98.72
2023-10,Enterprise,2024-12,180,4,97.78
2023-10,Mid-Market,2024-12,555,1,99.82
2023-10,SMB,2024-12,1176,10,99.15
2023-10,Enterprise,2024-11,180,3,98.33
2023-10,Mid-Market,2024-11,555,3,99.46
2023-10,SMB,2024-11,1176,9,99.23
2023-10,Enterprise,2024-10,180,2,98.89
2023-10,Mid-Market,2024-10,555,5,99.1
2023-10,SMB,2024-10,1176,17,98.55
2023-10,Mid-Market,2024-09,555,2,99.64
2023-10,SMB,2024-09,1176,16,98.64
2023-10,Enterprise,2024-08,180,3,98.33
2023-10,Mid-Market,2024-08,555,4,99.28
2023-10,SMB,2024-08,1176,17,98.55
2023-10,Enterprise,2024-07,180,1,99.44
2023-10,Mid-Market,2024-07,555,6,98.92
2023-10,SMB,2024-07,1176,16,98.64
2023-10,Enterprise,2024-06,180,1,99.44
2023-10,Mid-Market,2024-06,555,5,99.1
2023-10,SMB,2024-06,1176,8,99.32
2023-10,Enterprise,2024-05,180,6,96.67
2023-10,Mid-Market,2024-05,555,5,99.1
2023-10,SMB,2024-05,1176,16,98.64
2023-10,Mid-Market,2024-04,555,2,99.64
2023-10,SMB,2024-04,1176,13,98.89
2023-10,Enterprise,2024-03,180,2,98.89
2023-10,Mid-Market,2024-03,555,4,99.28
2023-10,SMB,2024-03,1176,14,98.81
2023-10,Mid-Market,2024-02,555,1,99.82
2023-10,SMB,2024-02,1176,16,98.64
2023-10,Mid-Market,2024-01,555,2,99.64
2023-10,SMB,2024-01,1176,15,98.72
2023-10,Mid-Market,2023-12,555,1,99.82
2023-10,SMB,2023-12,1176,17,98.55
2023-10,SMB,2023-11,1176,6,99.49
2023-09,Enterprise,2025-05,192,1,99.48
2023-09,Mid-Market,2025-05,599,2,99.67
2023-09,SMB,2025-05,1056,13,98.77
2023-09,Enterprise,2025-04,192,4,97.92
2023-09,SMB,2025-04,1056,10,99.05
2023-09,Mid-Market,2025-03,599,3,99.5
2023-09,SMB,2025-03,1056,9,99.15
2023-09,SMB,2025-02,1056,8,99.24
2023-09,Enterprise,2025-01,192,3,98.44
2023-09,Mid-Market,2025-01,599,2,99.67
2023-09,SMB,2025-01,1056,13,98.77
2023-09,Enterprise,2024-12,192,2,98.96
2023-09,Mid-Market,2024-12,599,6,99.0
2023-09,SMB,2024-12,1056,13,98.77
2023-09,Enterprise,2024-11,192,2,98.96
2023-09,Mid-Market,2024-11,599,3,99.5
2023-09,SMB,2024-11,1056,17,98.39
2023-09,Enterprise,2024-10,192,1,99.48
2023-09,Mid-Market,2024-10,599,4,99.33
2023-09,SMB,2024-10,1056,11,98.96
2023-09,Enterprise,2024-09,192,2,98.96
2023-09,Mid-Market,2024-09,599,1,99.83
2023-09,SMB,2024-09,1056,4,99.62
2023-09,Mid-Market,2024-08,599,7,98.83
2023-09,SMB,2024-08,1056,15,98.58
2023-09,Mid-Market,2024-07,599,5,99.17
2023-09,SMB,2024-07,1056,10,99.05
2023-09,Enterprise,2024-06,192,1,99.48
2023-09,SMB,2024-06,1056,9,99.15
2023-09,Enterprise,2024-05,192,2,98.96
2023-09,Mid-Market,2024-05,599,4,99.33
2023-09,SMB,2024-05,1056,12,98.86
2023-09,Mid-Market,2024-04,599,2,99.67
2023-09,SMB,2024-04,1056,16,98.48
2023-09,Enterprise,2024-03,192,1,99.48
2023-09,Mid-Market,2024-03,599,2,99.67
2023-09,SMB,2024-03,1056,10,99.05
2023-09,Enterprise,2024-02,192,2,98.96
2023-09,Mid-Market,2024-02,599,4,99.33
2023-09,SMB,2024-02,1056,13,98.77
2023-09,Enterprise,2024-01,192,3,98.44
2023-09,Mid-Market,2024-01,599,3,99.5
2023-09,SMB,2024-01,1056,15,98.58
2023-09,Mid-Market,2023-12,599,2,99.67
2023-09,SMB,2023-12,1056,12,98.86
2023-09,Mid-Market,2023-11,599,5,99.17
2023-09,SMB,2023-11,1056,7,99.34
2023-09,SMB,2023-10,1056,10,99.05
2023-08,Enterprise,2025-05,100,1,99.0
2023-08,Mid-Market,2025-05,375,1,99.73
2023-08,SMB,2025-05,755,11,98.54
2023-08,Enterprise,2025-04,100,3,97.0
2023-08,Mid-Market,2025-04,375,1,99.73
2023-08,SMB,2025-04,755,10,98.68
2023-08,Mid-Market,2025-03,375,1,99.73
2023-08,SMB,2025-03,755,4,99.47
2023-08,SMB,2025-02,755,7,99.07
2023-08,Mid-Market,2025-01,375,2,99.47
2023-08,SMB,2025-01,755,11,98.54
2023-08,Mid-Market,2024-12,375,4,98.93
2023-08,SMB,2024-12,755,6,99.21
2023-08,Mid-Market,2024-11,375,2,99.47
2023-08,SMB,2024-11,755,12,98.41
2023-08,Mid-Market,2024-10,375,4,98.93
2023-08,SMB,2024-10,755,5,99.34
2023-08,Mid-Market,2024-09,375,2,99.47
2023-08,SMB,2024-09,755,5,99.34
2023-08,Mid-Market,2024-08,375,3,99.2
2023-08,SMB,2024-08,755,10,98.68
2023-08,Enterprise,2024-07,100,2,98.0
2023-08,Mid-Market,2024-07,375,2,99.47
2023-08,SMB,2024-07,755,11,98.54
2023-08,Mid-Market,2024-06,375,1,99.73
2023-08,SMB,2024-06,755,9,98.81
2023-08,Mid-Market,2024-05,375,2,99.47
2023-08,SMB,2024-05,755,9,98.81
2023-08,Mid-Market,2024-04,375,1,99.73
2023-08,SMB,2024-04,755,7,99.07
2023-08,Mid-Market,2024-03,375,2,99.47
2023-08,SMB,2024-03,755,8,98.94
2023-08,Mid-Market,2024-02,375,3,99.2
2023-08,SMB,2024-02,755,8,98.94
2023-08,Mid-Market,2024-01,375,3,99.2
2023-08,SMB,2024-01,755,3,99.6
2023-08,Mid-Market,2023-12,375,3,99.2
2023-08,SMB,2023-12,755,10,98.68
2023-08,Mid-Market,2023-11,375,4,98.93
2023-08,SMB,2023-11,755,4,99.47
2023-08,Mid-Market,2023-10,375,3,99.2
2023-08,SMB,2023-10,755,4,99.47
2023-08,SMB,2023-09,755,4,99.47
2023-07,Enterprise,2025-05,124,2,98.39
2023-07,Mid-Market,2025-05,367,1,99.73
2023-07,SMB,2025-05,741,11,98.52
2023-07,Enterprise,2025-04,124,1,99.19
2023-07,Mid-Market,2025-04,367,2,99.46
2023-07,SMB,2025-04,741,3,99.6
2023-07,Mid-Market,2025-03,367,2,99.46
2023-07,SMB,2025-03,741,8,98.92
2023-07,Mid-Market,2025-02,367,3,99.18
2023-07,SMB,2025-02,741,11,98.52
2023-07,Enterprise,2025-01,124,2,98.39
2023-07,SMB,2025-01,741,14,98.11
2023-07,Mid-Market,2024-12,367,2,99.46
2023-07,SMB,2024-12,741,11,98.52
2023-07,Enterprise,2024-11,124,1,99.19
2023-07,Mid-Market,2024-11,367,5,98.64
2023-07,SMB,2024-11,741,10,98.65
2023-07,Mid-Market,2024-10,367,1,99.73
2023-07,SMB,2024-10,741,11,98.52
2023-07,Mid-Market,2024-09,367,2,99.46
2023-07,SMB,2024-09,741,3,99.6
2023-07,Mid-Market,2024-08,367,1,99.73
2023-07,SMB,2024-08,741,5,99.33
2023-07,Mid-Market,2024-07,367,2,99.46
2023-07,SMB,2024-07,741,15,97.98
2023-07,Enterprise,2024-06,124,1,99.19
2023-07,SMB,2024-06,741,5,99.33
2023-07,Mid-Market,2024-05,367,2,99.46
2023-07,SMB,2024-05,741,9,98.79
2023-07,Enterprise,2024-04,124,1,99.19
2023-07,SMB,2024-04,741,6,99.19
2023-07,SMB,2024-03,741,6,99.19
2023-07,Mid-Market,2024-02,367,4,98.91
2023-07,SMB,2024-02,741,9,98.79
2023-07,SMB,2024-01,741,12,98.38
2023-07,Enterprise,2023-12,124,1,99.19
2023-07,Mid-Market,2023-12,367,2,99.46
2023-07,SMB,2023-12,741,4,99.46
2023-07,Enterprise,2023-11,124,1,99.19
2023-07,Mid-Market,2023-11,367,2,99.46
2023-07,SMB,2023-11,741,7,99.06
2023-07,SMB,2023-10,741,11,98.52
2023-07,SMB,2023-09,741,7,99.06
2023-07,SMB,2023-08,741,5,99.33
2023-06,Enterprise,2025-05,158,1,99.37
2023-06,Mid-Market,2025-05,462,4,99.13
2023-06,SMB,2025-05,1012,9,99.11
2023-06,SMB,2025-04,1012,13,98.72
2023-06,Enterprise,2025-03,158,2,98.73
2023-06,Mid-Market,2025-03,462,2,99.57
2023-06,SMB,2025-03,1012,6,99.41
2023-06,Mid-Market,2025-02,462,2,99.57
2023-06,SMB,2025-02,1012,4,99.6
2023-06,Mid-Market,2025-01,462,1,99.78
2023-06,SMB,2025-01,1012,6,99.41
2023-06,Enterprise,2024-12,158,1,99.37
2023-06,SMB,2024-12,1012,14,98.62
2023-06,Mid-Market,2024-11,462,2,99.57
2023-06,SMB,2024-11,1012,13,98.72
2023-06,Enterprise,2024-10,158,2,98.73
2023-06,Mid-Market,2024-10,462,4,99.13
2023-06,SMB,2024-10,1012,17,98.32
2023-06,SMB,2024-09,1012,6,99.41
2023-06,Enterprise,2024-08,158,1,99.37
2023-06,Mid-Market,2024-08,462,4,99.13
2023-06,SMB,2024-08,1012,11,98.91
2023-06,Enterprise,2024-07,158,1,99.37
2023-06,Mid-Market,2024-07,462,1,99.78
2023-06,SMB,2024-07,1012,15,98.52
2023-06,Enterprise,2024-06,158,1,99.37
2023-06,Mid-Market,2024-06,462,5,98.92
2023-06,SMB,2024-06,1012,10,99.01
2023-06,Mid-Market,2024-05,462,1,99.78
2023-06,SMB,2024-05,1012,9,99.11
2023-06,Enterprise,2024-04,158,1,99.37
2023-06,SMB,2024-04,1012,12,98.81
2023-06,Mid-Market,2024-03,462,1,99.78
2023-06,SMB,2024-03,1012,12,98.81
2023-06,Enterprise,2024-02,158,3,98.1
2023-06,Mid-Market,2024-02,462,1,99.78
2023-06,SMB,2024-02,1012,11,98.91
2023-06,Mid-Market,2024-01,462,1,99.78
2023-06,SMB,2024-01,1012,10,99.01
2023-06,Mid-Market,2023-12,462,2,99.57
2023-06,SMB,2023-12,1012,14,98.62
2023-06,Mid-Market,2023-11,462,3,99.35
2023-06,SMB,2023-11,1012,9,99.11
2023-06,Mid-Market,2023-10,462,1,99.78
2023-06,SMB,2023-10,1012,12,98.81
2023-06,Mid-Market,2023-09,462,3,99.35
2023-06,SMB,2023-09,1012,9,99.11
2023-06,SMB,2023-08,1012,10,99.01
2023-06,SMB,2023-07,1012,7,99.31
2023-05,Enterprise,2025-05,237,2,99.16
2023-05,Mid-Market,2025-05,653,2,99.69
2023-05,SMB,2025-05,1212,12,99.01
2023-05,Mid-Market,2025-04,653,4,99.39
2023-05,SMB,2025-04,1212,16,98.68
2023-05,Enterprise,2025-03,237,3,98.73
2023-05,Mid-Market,2025-03,653,5,99.23
2023-05,SMB,2025-03,1212,12,99.01
2023-05,Mid-Market,2025-02,653,1,99.85
2023-05,SMB,2025-02,1212,8,99.34
2023-05,Mid-Market,2025-01,653,1,99.85
2023-05,SMB,2025-01,1212,8,99.34
2023-05,Mid-Market,2024-12,653,4,99.39
2023-05,SMB,2024-12,1212,12,99.01
2023-05,Enterprise,2024-11,237,2,99.16
2023-05,Mid-Market,2024-11,653,4,99.39
2023-05,SMB,2024-11,1212,13,98.93
2023-05,Enterprise,2024-10,237,1,99.58
2023-05,Mid-Market,2024-10,653,3,99.54
2023-05,SMB,2024-10,1212,4,99.67
2023-05,Mid-Market,2024-09,653,2,99.69
2023-05,SMB,2024-09,1212,17,98.6
2023-05,Mid-Market,2024-08,653,8,98.77
2023-05,SMB,2024-08,1212,11,99.09
2023-05,Enterprise,2024-07,237,1,99.58
2023-05,Mid-Market,2024-07,653,1,99.85
2023-05,SMB,2024-07,1212,16,98.68
2023-05,Enterprise,2024-06,237,1,99.58
2023-05,Mid-Market,2024-06,653,1,99.85
2023-05,SMB,2024-06,1212,7,99.42
2023-05,Enterprise,2024-05,237,2,99.16
2023-05,Mid-Market,2024-05,653,1,99.85
2023-05,SMB,2024-05,1212,8,99.34
2023-05,Mid-Market,2024-04,653,5,99.23
2023-05,SMB,2024-04,1212,7,99.42
2023-05,Mid-Market,2024-03,653,1,99.85
2023-05,SMB,2024-03,1212,10,99.17
2023-05,Enterprise,2024-02,237,2,99.16
2023-05,Mid-Market,2024-02,653,1,99.85
2023-05,SMB,2024-02,1212,11,99.09
2023-05,Mid-Market,2024-01,653,5,99.23
2023-05,SMB,2024-01,1212,13,98.93
2023-05,Mid-Market,2023-12,653,2,99.69
2023-05,SMB,2023-12,1212,12,99.01
2023-05,Enterprise,2023-11,237,1,99.58
2023-05,Mid-Market,2023-11,653,3,99.54
2023-05,SMB,2023-11,1212,16,98.68
2023-05,Mid-Market,2023-10,653,5,99.23
2023-05,SMB,2023-10,1212,12,99.01
2023-05,Enterprise,2023-09,237,1,99.58
2023-05,Mid-Market,2023-09,653,3,99.54
2023-05,SMB,2023-09,1212,12,99.01
2023-05,Mid-Market,2023-08,653,2,99.69
2023-05,SMB,2023-08,1212,6,99.5
2023-05,Mid-Market,2023-07,653,5,99.23
2023-05,SMB,2023-07,1212,14,98.84
2023-05,SMB,2023-06,1212,10,99.17
2023-04,Enterprise,2025-05,202,1,99.5
2023-04,Mid-Market,2025-05,528,2,99.62
2023-04,SMB,2025-05,1114,13,98.83
2023-04,Enterprise,2025-04,202,1,99.5
2023-04,Mid-Market,2025-04,528,4,99.24
2023-04,SMB,2025-04,1114,14,98.74
2023-04,Enterprise,2025-03,202,2,99.01
2023-04,Mid-Market,2025-03,528,4,99.24
2023-04,SMB,2025-03,1114,13,98.83
2023-04,Enterprise,2025-02,202,2,99.01
2023-04,Mid-Market,2025-02,528,3,99.43
2023-04,SMB,2025-02,1114,8,99.28
2023-04,Enterprise,2025-01,202,1,99.5
2023-04,Mid-Market,2025-01,528,1,99.81
2023-04,SMB,2025-01,1114,10,99.1
2023-04,Enterprise,2024-12,202,4,98.02
2023-04,Mid-Market,2024-12,528,5,99.05
2023-04,SMB,2024-12,1114,10,99.1
2023-04,Enterprise,2024-11,202,1,99.5
2023-04,Mid-Market,2024-11,528,1,99.81
2023-04,SMB,2024-11,1114,8,99.28
2023-04,Enterprise,2024-10,202,1,99.5
2023-04,Mid-Market,2024-10,528,1,99.81
2023-04,SMB,2024-10,1114,12,98.92
2023-04,Mid-Market,2024-09,528,2,99.62
2023-04,SMB,2024-09,1114,13,98.83
2023-04,Enterprise,2024-08,202,2,99.01
2023-04,Mid-Market,2024-08,528,3,99.43
2023-04,SMB,2024-08,1114,10,99.1
2023-04,Enterprise,2024-07,202,1,99.5
2023-04,Mid-Market,2024-07,528,3,99.43
2023-04,SMB,2024-07,1114,9,99.19
2023-04,Enterprise,2024-06,202,2,99.01
2023-04,Mid-Market,2024-06,528,2,99.62
2023-04,SMB,2024-06,1114,14,98.74
2023-04,Enterprise,2024-05,202,3,98.51
2023-04,SMB,2024-05,1114,12,98.92
2023-04,Mid-Market,2024-04,528,2,99.62
2023-04,SMB,2024-04,1114,5,99.55
2023-04,Mid-Market,2024-03,528,1,99.81
2023-04,SMB,2024-03,1114,9,99.19
2023-04,Mid-Market,2024-02,528,3,99.43
2023-04,SMB,2024-02,1114,7,99.37
2023-04,Enterprise,2024-01,202,2,99.01
2023-04,Mid-Market,2024-01,528,1,99.81
2023-04,SMB,2024-01,1114,11,99.01
2023-04,Mid-Market,2023-12,528,3,99.43
2023-04,SMB,2023-12,1114,7,99.37
2023-04,Enterprise,2023-11,202,1,99.5
2023-04,SMB,2023-11,1114,8,99.28
2023-04,Mid-Market,2023-10,528,1,99.81
2023-04,SMB,2023-10,1114,13,98.83
2023-04,Mid-Market,2023-09,528,2,99.62
2023-04,SMB,2023-09,1114,9,99.19
2023-04,Enterprise,2023-08,202,3,98.51
2023-04,Mid-Market,2023-08,528,2,99.62
2023-04,SMB,2023-08,1114,12,98.92
2023-04,SMB,2023-07,1114,9,99.19
2023-04,Mid-Market,2023-06,528,1,99.81
2023-04,SMB,2023-06,1114,10,99.1
2023-04,SMB,2023-05,1114,9,99.19
2023-03,Enterprise,2025-05,211,1,99.53
2023-03,Mid-Market,2025-05,691,7,98.99
2023-03,SMB,2025-05,1277,13,98.98
2023-03,Enterprise,2025-04,211,1,99.53
2023-03,Mid-Market,2025-04,691,2,99.71
2023-03,SMB,2025-04,1277,11,99.14
2023-03,Mid-Market,2025-03,691,3,99.57
2023-03,SMB,2025-03,1277,11,99.14
2023-03,Enterprise,2025-02,211,3,98.58
2023-03,Mid-Market,2025-02,691,3,99.57
2023-03,SMB,2025-02,1277,11,99.14
2023-03,Enterprise,2025-01,211,1,99.53
2023-03,Mid-Market,2025-01,691,4,99.42
2023-03,SMB,2025-01,1277,19,98.51
2023-03,Enterprise,2024-12,211,1,99.53
2023-03,Mid-Market,2024-12,691,2,99.71
2023-03,SMB,2024-12,1277,14,98.9
2023-03,Mid-Market,2024-11,691,5,99.28
2023-03,SMB,2024-11,1277,16,98.75
2023-03,Enterprise,2024-10,211,1,99.53
2023-03,Mid-Market,2024-10,691,2,99.71
2023-03,SMB,2024-10,1277,13,98.98
2023-03,Mid-Market,2024-09,691,1,99.86
2023-03,SMB,2024-09,1277,13,98.98
2023-03,Enterprise,2024-08,211,2,99.05
2023-03,Mid-Market,2024-08,691,2,99.71
2023-03,SMB,2024-08,1277,3,99.77
2023-03,Enterprise,2024-07,211,2,99.05
2023-03,Mid-Market,2024-07,691,3,99.57
2023-03,SMB,2024-07,1277,16,98.75
2023-03,Enterprise,2024-06,211,1,99.53
2023-03,Mid-Market,2024-06,691,5,99.28
2023-03,SMB,2024-06,1277,15,98.83
2023-03,Enterprise,2024-05,211,1,99.53
2023-03,Mid-Market,2024-05,691,4,99.42
2023-03,SMB,2024-05,1277,12,99.06
2023-03,Mid-Market,2024-04,691,2,99.71
2023-03,SMB,2024-04,1277,13,98.98
2023-03,Enterprise,2024-03,211,1,99.53
2023-03,Mid-Market,2024-03,691,1,99.86
2023-03,SMB,2024-03,1277,10,99.22
2023-03,Mid-Market,2024-02,691,3,99.57
2023-03,SMB,2024-02,1277,6,99.53
2023-03,Mid-Market,2024-01,691,2,99.71
2023-03,SMB,2024-01,1277,11,99.14
2023-03,Enterprise,2023-12,211,1,99.53
2023-03,Mid-Market,2023-12,691,1,99.86
2023-03,SMB,2023-12,1277,11,99.14
2023-03,Enterprise,2023-11,211,3,98.58
2023-03,Mid-Market,2023-11,691,2,99.71
2023-03,SMB,2023-11,1277,16,98.75
2023-03,Enterprise,2023-10,211,1,99.53
2023-03,Mid-Market,2023-10,691,4,99.42
2023-03,SMB,2023-10,1277,11,99.14
2023-03,Mid-Market,2023-09,691,2,99.71
2023-03,SMB,2023-09,1277,6,99.53
2023-03,Mid-Market,2023-08,691,3,99.57
2023-03,SMB,2023-08,1277,13,98.98
2023-03,Mid-Market,2023-07,691,3,99.57
2023-03,SMB,2023-07,1277,9,99.3
2023-03,Mid-Market,2023-06,691,2,99.71
2023-03,SMB,2023-06,1277,18,98.59
2023-03,SMB,2023-05,1277,14,98.9
2023-03,SMB,2023-04,1277,2,99.84
2023-02,Enterprise,2025-05,207,1,99.52
2023-02,Mid-Market,2025-05,655,3,99.54
2023-02,SMB,2025-05,1284,8,99.38
2023-02,Mid-Market,2025-04,655,3,99.54
2023-02,SMB,2025-04,1284,13,98.99
2023-02,Enterprise,2025-03,207,1,99.52
2023-02,Mid-Market,2025-03,655,2,99.69
2023-02,SMB,2025-03,1284,9,99.3
2023-02,Mid-Market,2025-02,655,1,99.85
2023-02,SMB,2025-02,1284,10,99.22
2023-02,Mid-Market,2025-01,655,5,99.24
2023-02,SMB,2025-01,1284,16,98.75
2023-02,Mid-Market,2024-12,655,5,99.24
2023-02,SMB,2024-12,1284,9,99.3
2023-02,Enterprise,2024-11,207,2,99.03
2023-02,Mid-Market,2024-11,655,5,99.24
2023-02,SMB,2024-11,1284,7,99.45
2023-02,Enterprise,2024-10,207,1,99.52
2023-02,Mid-Market,2024-10,655,1,99.85
2023-02,SMB,2024-10,1284,14,98.91
2023-02,Enterprise,2024-09,207,1,99.52
2023-02,Mid-Market,2024-09,655,2,99.69
2023-02,SMB,2024-09,1284,11,99.14
2023-02,Mid-Market,2024-08,655,1,99.85
2023-02,SMB,2024-08,1284,11,99.14
2023-02,Enterprise,2024-07,207,2,99.03
2023-02,Mid-Market,2024-07,655,3,99.54
2023-02,SMB,2024-07,1284,15,98.83
2023-02,Enterprise,2024-06,207,1,99.52
2023-02,Mid-Market,2024-06,655,2,99.69
2023-02,SMB,2024-06,1284,13,98.99
2023-02,Enterprise,2024-05,207,3,98.55
2023-02,Mid-Market,2024-05,655,3,99.54
2023-02,SMB,2024-05,1284,13,98.99
2023-02,Enterprise,2024-04,207,1,99.52
2023-02,Mid-Market,2024-04,655,2,99.69
2023-02,SMB,2024-04,1284,10,99.22
2023-02,Mid-Market,2024-03,655,2,99.69
2023-02,SMB,2024-03,1284,9,99.3
2023-02,Mid-Market,2024-02,655,3,99.54
2023-02,SMB,2024-02,1284,15,98.83
2023-02,Mid-Market,2024-01,655,2,99.69
2023-02,SMB,2024-01,1284,10,99.22
2023-02,SMB,2023-12,1284,8,99.38
2023-02,Mid-Market,2023-11,655,4,99.39
2023-02,SMB,2023-11,1284,14,98.91
2023-02,Mid-Market,2023-10,655,2,99.69
2023-02,SMB,2023-10,1284,12,99.07
2023-02,Enterprise,2023-09,207,1,99.52
2023-02,Mid-Market,2023-09,655,3,99.54
2023-02,SMB,2023-09,1284,11,99.14
2023-02,Enterprise,2023-08,207,2,99.03
2023-02,Mid-Market,2023-08,655,2,99.69
2023-02,SMB,2023-08,1284,11,99.14
2023-02,Enterprise,2023-07,207,1,99.52
2023-02,Mid-Market,2023-07,655,2,99.69
2023-02,SMB,2023-07,1284,5,99.61
2023-02,Mid-Market,2023-06,655,5,99.24
2023-02,SMB,2023-06,1284,13,98.99
2023-02,Mid-Market,2023-05,655,3,99.54
2023-02,SMB,2023-05,1284,9,99.3
2023-02,Mid-Market,2023-04,655,1,99.85
2023-02,SMB,2023-04,1284,15,98.83
2023-02,SMB,2023-03,1284,9,99.3
2023-01,Mid-Market,2025-05,723,6,99.17
2023-01,SMB,2025-05,1353,15,98.89
2023-01,Enterprise,2025-04,228,2,99.12
2023-01,Mid-Market,2025-04,723,1,99.86
2023-01,SMB,2025-04,1353,13,99.04
2023-01,Mid-Market,2025-03,723,1,99.86
2023-01,SMB,2025-03,1353,18,98.67
2023-01,Enterprise,2025-02,228,3,98.68
2023-01,Mid-Market,2025-02,723,5,99.31
2023-01,SMB,2025-02,1353,11,99.19
2023-01,Enterprise,2025-01,228,1,99.56
2023-01,Mid-Market,2025-01,723,2,99.72
2023-01,SMB,2025-01,1353,18,98.67
2023-01,Mid-Market,2024-12,723,3,99.59
2023-01,SMB,2024-12,1353,10,99.26
2023-01,Enterprise,2024-11,228,3,98.68
2023-01,Mid-Market,2024-11,723,3,99.59
2023-01,SMB,2024-11,1353,16,98.82
2023-01,Mid-Market,2024-10,723,6,99.17
2023-01,SMB,2024-10,1353,8,99.41
2023-01,Enterprise,2024-09,228,3,98.68
2023-01,Mid-Market,2024-09,723,3,99.59
2023-01,SMB,2024-09,1353,9,99.33
2023-01,Enterprise,2024-08,228,6,97.37
2023-01,Mid-Market,2024-08,723,1,99.86
2023-01,SMB,2024-08,1353,9,99.33
2023-01,Enterprise,2024-07,228,3,98.68
2023-01,Mid-Market,2024-07,723,3,99.59
2023-01,SMB,2024-07,1353,17,98.74
2023-01,Enterprise,2024-06,228,1,99.56
2023-01,Mid-Market,2024-06,723,3,99.59
2023-01,SMB,2024-06,1353,6,99.56
2023-01,Enterprise,2024-05,228,1,99.56
2023-01,Mid-Market,2024-05,723,1,99.86
2023-01,SMB,2024-05,1353,9,99.33
2023-01,Enterprise,2024-04,228,1,99.56
2023-01,Mid-Market,2024-04,723,2,99.72
2023-01,SMB,2024-04,1353,11,99.19
2023-01,Enterprise,2024-03,228,2,99.12
2023-01,Mid-Market,2024-03,723,2,99.72
2023-01,SMB,2024-03,1353,6,99.56
2023-01,Mid-Market,2024-02,723,3,99.59
2023-01,SMB,2024-02,1353,7,99.48
2023-01,Mid-Market,2024-01,723,6,99.17
2023-01,SMB,2024-01,1353,10,99.26
2023-01,Enterprise,2023-12,228,1,99.56
2023-01,Mid-Market,2023-12,723,1,99.86
2023-01,SMB,2023-12,1353,9,99.33
2023-01,Enterprise,2023-11,228,1,99.56
2023-01,Mid-Market,2023-11,723,4,99.45
2023-01,SMB,2023-11,1353,9,99.33
2023-01,Enterprise,2023-10,228,2,99.12
2023-01,Mid-Market,2023-10,723,3,99.59
2023-01,SMB,2023-10,1353,13,99.04
2023-01,SMB,2023-09,1353,11,99.19
2023-01,Mid-Market,2023-08,723,3,99.59
2023-01,SMB,2023-08,1353,14,98.97
2023-01,Mid-Market,2023-07,723,1,99.86
2023-01,SMB,2023-07,1353,21,98.45
2023-01,Enterprise,2023-06,228,1,99.56
2023-01,Mid-Market,2023-06,723,4,99.45
2023-01,SMB,2023-06,1353,17,98.74
2023-01,Mid-Market,2023-05,723,3,99.59
2023-01,SMB,2023-05,1353,9,99.33
2023-01,Mid-Market,2023-04,723,1,99.86
2023-01,SMB,2023-04,1353,12,99.11
2023-01,Mid-Market,2023-03,723,1,99.86
2023-01,SMB,2023-03,1353,6,99.56
2023-01,SMB,2023-02,1353,3,99.78
2022-12,Mid-Market,2025-05,899,2,99.78
2022-12,SMB,2025-05,1763,5,99.72
2022-12,Enterprise,2025-04,292,3,98.97
2022-12,Mid-Market,2025-04,899,4,99.56
2022-12,SMB,2025-04,1763,12,99.32
2022-12,Enterprise,2025-03,292,1,99.66
2022-12,Mid-Market,2025-03,899,5,99.44
2022-12,SMB,2025-03,1763,13,99.26
2022-12,Mid-Market,2025-02,899,8,99.11
2022-12,SMB,2025-02,1763,9,99.49
2022-12,Mid-Market,2025-01,899,5,99.44
2022-12,SMB,2025-01,1763,13,99.26
2022-12,Enterprise,2024-12,292,4,98.63
2022-12,Mid-Market,2024-12,899,6,99.33
2022-12,SMB,2024-12,1763,14,99.21
2022-12,Mid-Market,2024-11,899,3,99.67
2022-12,SMB,2024-11,1763,9,99.49
2022-12,Mid-Market,2024-10,899,3,99.67
2022-12,SMB,2024-10,1763,12,99.32
2022-12,Enterprise,2024-09,292,1,99.66
2022-12,Mid-Market,2024-09,899,3,99.67
2022-12,SMB,2024-09,1763,13,99.26
2022-12,Enterprise,2024-08,292,1,99.66
2022-12,Mid-Market,2024-08,899,2,99.78
2022-12,SMB,2024-08,1763,10,99.43
2022-12,Enterprise,2024-07,292,3,98.97
2022-12,Mid-Market,2024-07,899,3,99.67
2022-12,SMB,2024-07,1763,9,99.49
2022-12,Enterprise,2024-06,292,1,99.66
2022-12,Mid-Market,2024-06,899,5,99.44
2022-12,SMB,2024-06,1763,14,99.21
2022-12,Enterprise,2024-05,292,1,99.66
2022-12,Mid-Market,2024-05,899,1,99.89
2022-12,SMB,2024-05,1763,15,99.15
2022-12,Mid-Market,2024-04,899,7,99.22
2022-12,SMB,2024-04,1763,13,99.26
2022-12,Enterprise,2024-03,292,1,99.66
2022-12,Mid-Market,2024-03,899,3,99.67
2022-12,SMB,2024-03,1763,14,99.21
2022-12,Enterprise,2024-02,292,1,99.66
2022-12,Mid-Market,2024-02,899,3,99.67
2022-12,SMB,2024-02,1763,15,99.15
2022-12,Enterprise,2024-01,292,3,98.97
2022-12,Mid-Market,2024-01,899,2,99.78
2022-12,SMB,2024-01,1763,10,99.43
2022-12,Enterprise,2023-12,292,1,99.66
2022-12,Mid-Market,2023-12,899,8,99.11
2022-12,SMB,2023-12,1763,18,98.98
2022-12,Enterprise,2023-11,292,1,99.66
2022-12,Mid-Market,2023-11,899,5,99.44
2022-12,SMB,2023-11,1763,14,99.21
2022-12,Enterprise,2023-10,292,2,99.32
2022-12,Mid-Market,2023-10,899,1,99.89
2022-12,SMB,2023-10,1763,15,99.15
2022-12,Enterprise,2023-09,292,2,99.32
2022-12,Mid-Market,2023-09,899,2,99.78
2022-12,SMB,2023-09,1763,14,99.21
2022-12,Mid-Market,2023-08,899,3,99.67
2022-12,SMB,2023-08,1763,12,99.32
2022-12,Enterprise,2023-07,292,4,98.63
2022-12,Mid-Market,2023-07,899,2,99.78
2022-12,SMB,2023-07,1763,18,98.98
2022-12,Enterprise,2023-06,292,1,99.66
2022-12,Mid-Market,2023-06,899,5,99.44
2022-12,SMB,2023-06,1763,12,99.32
2022-12,Enterprise,2023-05,292,1,99.66
2022-12,Mid-Market,2023-05,899,4,99.56
2022-12,SMB,2023-05,1763,11,99.38
2022-12,Mid-Market,2023-04,899,2,99.78
2022-12,SMB,2023-04,1763,13,99.26
2022-12,Mid-Market,2023-03,899,4,99.56
2022-12,SMB,2023-03,1763,21,98.81
2022-12,Mid-Market,2023-02,899,3,99.67
2022-12,SMB,2023-02,1763,13,99.26
2022-12,SMB,2023-01,1763,6,99.66
2022-11,Enterprise,2025-05,223,2,99.1
2022-11,Mid-Market,2025-05,697,4,99.43
2022-11,SMB,2025-05,1422,13,99.09
2022-11,Enterprise,2025-04,223,1,99.55
2022-11,Mid-Market,2025-04,697,2,99.71
2022-11,SMB,2025-04,1422,10,99.3
2022-11,Enterprise,2025-03,223,1,99.55
2022-11,Mid-Market,2025-03,697,3,99.57
2022-11,SMB,2025-03,1422,8,99.44
2022-11,Enterprise,2025-02,223,2,99.1
2022-11,Mid-Market,2025-02,697,1,99.86
2022-11,SMB,2025-02,1422,10,99.3
2022-11,Enterprise,2025-01,223,2,99.1
2022-11,SMB,2025-01,1422,16,98.87
2022-11,Enterprise,2024-12,223,1,99.55
2022-11,Mid-Market,2024-12,697,2,99.71
2022-11,SMB,2024-12,1422,10,99.3
2022-11,Mid-Market,2024-11,697,1,99.86
2022-11,SMB,2024-11,1422,8,99.44
2022-11,Enterprise,2024-10,223,4,98.21
2022-11,Mid-Market,2024-10,697,2,99.71
2022-11,SMB,2024-10,1422,4,99.72
2022-11,Mid-Market,2024-09,697,2,99.71
2022-11,SMB,2024-09,1422,12,99.16
2022-11,Enterprise,2024-08,223,1,99.55
2022-11,Mid-Market,2024-08,697,1,99.86
2022-11,SMB,2024-08,1422,14,99.02
2022-11,Enterprise,2024-07,223,2,99.1
2022-11,Mid-Market,2024-07,697,1,99.86
2022-11,SMB,2024-07,1422,11,99.23
2022-11,Enterprise,2024-06,223,2,99.1
2022-11,Mid-Market,2024-06,697,3,99.57
2022-11,SMB,2024-06,1422,7,99.51
2022-11,Enterprise,2024-05,223,1,99.55
2022-11,Mid-Market,2024-05,697,2,99.71
2022-11,SMB,2024-05,1422,13,99.09
2022-11,Mid-Market,2024-04,697,2,99.71
2022-11,SMB,2024-04,1422,9,99.37
2022-11,Mid-Market,2024-03,697,2,99.71
2022-11,SMB,2024-03,1422,5,99.65
2022-11,Enterprise,2024-02,223,1,99.55
2022-11,Mid-Market,2024-02,697,5,99.28
2022-11,SMB,2024-02,1422,11,99.23
2022-11,Mid-Market,2024-01,697,4,99.43
2022-11,SMB,2024-01,1422,11,99.23
2022-11,Mid-Market,2023-12,697,1,99.86
2022-11,SMB,2023-12,1422,16,98.87
2022-11,Enterprise,2023-11,223,1,99.55
2022-11,SMB,2023-11,1422,9,99.37
2022-11,Mid-Market,2023-10,697,2,99.71
2022-11,SMB,2023-10,1422,16,98.87
2022-11,Enterprise,2023-09,223,1,99.55
2022-11,Mid-Market,2023-09,697,2,99.71
2022-11,SMB,2023-09,1422,22,98.45
2022-11,Enterprise,2023-08,223,1,99.55
2022-11,Mid-Market,2023-08,697,4,99.43
2022-11,SMB,2023-08,1422,6,99.58
2022-11,Mid-Market,2023-07,697,3,99.57
2022-11,SMB,2023-07,1422,11,99.23
2022-11,Enterprise,2023-06,223,2,99.1
2022-11,SMB,2023-06,1422,13,99.09
2022-11,Enterprise,2023-05,223,1,99.55
2022-11,Mid-Market,2023-05,697,1,99.86
2022-11,SMB,2023-05,1422,9,99.37
2022-11,Mid-Market,2023-04,697,2,99.71
2022-11,SMB,2023-04,1422,8,99.44
2022-11,Mid-Market,2023-03,697,3,99.57
2022-11,SMB,2023-03,1422,12,99.16
2022-11,Mid-Market,2023-02,697,2,99.71
2022-11,SMB,2023-02,1422,7,99.51
2022-11,Mid-Market,2023-01,697,2,99.71
2022-11,SMB,2023-01,1422,12,99.16
2022-11,SMB,2022-12,1422,5,99.65
2022-10,Enterprise,2025-05,177,2,98.87
2022-10,SMB,2025-05,1152,8,99.31
2022-10,Mid-Market,2025-04,585,1,99.83
2022-10,SMB,2025-04,1152,6,99.48
2022-10,Mid-Market,2025-03,585,2,99.66
2022-10,SMB,2025-03,1152,5,99.57
2022-10,Mid-Market,2025-02,585,3,99.49
2022-10,SMB,2025-02,1152,8,99.31
2022-10,Enterprise,2025-01,177,1,99.44
2022-10,Mid-Market,2025-01,585,2,99.66
2022-10,SMB,2025-01,1152,6,99.48
2022-10,Enterprise,2024-12,177,3,98.31
2022-10,Mid-Market,2024-12,585,2,99.66
2022-10,SMB,2024-12,1152,12,98.96
2022-10,Mid-Market,2024-11,585,1,99.83
2022-10,SMB,2024-11,1152,11,99.05
2022-10,Mid-Market,2024-10,585,2,99.66
2022-10,SMB,2024-10,1152,9,99.22
2022-10,Mid-Market,2024-09,585,1,99.83
2022-10,SMB,2024-09,1152,8,99.31
2022-10,Enterprise,2024-08,177,1,99.44
2022-10,Mid-Market,2024-08,585,2,99.66
2022-10,SMB,2024-08,1152,6,99.48
2022-10,Mid-Market,2024-07,585,2,99.66
2022-10,SMB,2024-07,1152,8,99.31
2022-10,Enterprise,2024-06,177,1,99.44
2022-10,Mid-Market,2024-06,585,2,99.66
2022-10,SMB,2024-06,1152,17,98.52
2022-10,Mid-Market,2024-05,585,2,99.66
2022-10,SMB,2024-05,1152,7,99.39
2022-10,Mid-Market,2024-04,585,2,99.66
2022-10,SMB,2024-04,1152,9,99.22
2022-10,Enterprise,2024-03,177,2,98.87
2022-10,Mid-Market,2024-03,585,4,99.32
2022-10,SMB,2024-03,1152,8,99.31
2022-10,Enterprise,2024-02,177,2,98.87
2022-10,Mid-Market,2024-02,585,2,99.66
2022-10,SMB,2024-02,1152,7,99.39
2022-10,Enterprise,2024-01,177,1,99.44
2022-10,Mid-Market,2024-01,585,2,99.66
2022-10,SMB,2024-01,1152,11,99.05
2022-10,Enterprise,2023-12,177,1,99.44
2022-10,Mid-Market,2023-12,585,5,99.15
2022-10,SMB,2023-12,1152,8,99.31
2022-10,Enterprise,2023-11,177,3,98.31
2022-10,Mid-Market,2023-11,585,2,99.66
2022-10,SMB,2023-11,1152,10,99.13
2022-10,Enterprise,2023-10,177,3,98.31
2022-10,SMB,2023-10,1152,10,99.13
2022-10,Enterprise,2023-09,177,2,98.87
2022-10,Mid-Market,2023-09,585,1,99.83
2022-10,SMB,2023-09,1152,10,99.13
2022-10,Enterprise,2023-08,177,1,99.44
2022-10,SMB,2023-08,1152,6,99.48
2022-10,Mid-Market,2023-07,585,1,99.83
2022-10,SMB,2023-07,1152,7,99.39
2022-10,Enterprise,2023-06,177,1,99.44
2022-10,Mid-Market,2023-06,585,2,99.66
2022-10,SMB,2023-06,1152,6,99.48
2022-10,Enterprise,2023-05,177,1,99.44
2022-10,Mid-Market,2023-05,585,1,99.83
2022-10,SMB,2023-05,1152,5,99.57
2022-10,Mid-Market,2023-04,585,2,99.66
2022-10,SMB,2023-04,1152,9,99.22
2022-10,Mid-Market,2023-03,585,2,99.66
2022-10,SMB,2023-03,1152,7,99.39
2022-10,Mid-Market,2023-02,585,1,99.83
2022-10,SMB,2023-02,1152,6,99.48
2022-10,Mid-Market,2023-01,585,3,99.49
2022-10,SMB,2023-01,1152,5,99.57
2022-10,Mid-Market,2022-12,585,2,99.66
2022-10,SMB,2022-12,1152,6,99.48
2022-10,SMB,2022-11,1152,7,99.39
2022-09,Enterprise,2025-05,192,1,99.48
2022-09,Mid-Market,2025-05,569,2,99.65
2022-09,SMB,2025-05,1164,5,99.57
2022-09,Enterprise,2025-04,192,2,98.96
2022-09,Mid-Market,2025-04,569,2,99.65
2022-09,SMB,2025-04,1164,3,99.74
2022-09,Enterprise,2025-03,192,1,99.48
2022-09,Mid-Market,2025-03,569,2,99.65
2022-09,SMB,2025-03,1164,11,99.05
2022-09,Enterprise,2025-02,192,3,98.44
2022-09,SMB,2025-02,1164,5,99.57
2022-09,Mid-Market,2025-01,569,2,99.65
2022-09,SMB,2025-01,1164,10,99.14
2022-09,Enterprise,2024-12,192,1,99.48
2022-09,Mid-Market,2024-12,569,4,99.3
2022-09,SMB,2024-12,1164,12,98.97
2022-09,Mid-Market,2024-11,569,5,99.12
2022-09,SMB,2024-11,1164,4,99.66
2022-09,Mid-Market,2024-10,569,1,99.82
2022-09,SMB,2024-10,1164,9,99.23
2022-09,Mid-Market,2024-09,569,2,99.65
2022-09,SMB,2024-09,1164,5,99.57
2022-09,Mid-Market,2024-08,569,2,99.65
2022-09,SMB,2024-08,1164,7,99.4
2022-09,Mid-Market,2024-07,569,2,99.65
2022-09,SMB,2024-07,1164,4,99.66
2022-09,Enterprise,2024-06,192,1,99.48
2022-09,Mid-Market,2024-06,569,1,99.82
2022-09,SMB,2024-06,1164,9,99.23
2022-09,Enterprise,2024-05,192,1,99.48
2022-09,Mid-Market,2024-05,569,3,99.47
2022-09,SMB,2024-05,1164,9,99.23
2022-09,Enterprise,2024-04,192,3,98.44
2022-09,SMB,2024-04,1164,12,98.97
2022-09,Enterprise,2024-03,192,1,99.48
2022-09,SMB,2024-03,1164,10,99.14
2022-09,Mid-Market,2024-02,569,3,99.47
2022-09,SMB,2024-02,1164,2,99.83
2022-09,Mid-Market,2024-01,569,2,99.65
2022-09,SMB,2024-01,1164,14,98.8
2022-09,Enterprise,2023-12,192,3,98.44
2022-09,Mid-Market,2023-12,569,3,99.47
2022-09,SMB,2023-12,1164,8,99.31
2022-09,Enterprise,2023-11,192,3,98.44
2022-09,Mid-Market,2023-11,569,2,99.65
2022-09,SMB,2023-11,1164,6,99.48
2022-09,SMB,2023-10,1164,10,99.14
2022-09,Enterprise,2023-09,192,1,99.48
2022-09,Mid-Market,2023-09,569,1,99.82
2022-09,SMB,2023-09,1164,8,99.31
2022-09,Enterprise,2023-08,192,1,99.48
2022-09,Mid-Market,2023-08,569,1,99.82
2022-09,SMB,2023-08,1164,5,99.57
2022-09,Mid-Market,2023-07,569,3,99.47
2022-09,SMB,2023-07,1164,5,99.57
2022-09,Mid-Market,2023-06,569,2,99.65
2022-09,SMB,2023-06,1164,10,99.14
2022-09,Enterprise,2023-05,192,2,98.96
2022-09,Mid-Market,2023-05,569,2,99.65
2022-09,SMB,2023-05,1164,7,99.4
2022-09,Enterprise,2023-04,192,2,98.96
2022-09,SMB,2023-04,1164,7,99.4
2022-09,SMB,2023-03,1164,6,99.48
2022-09,Enterprise,2023-02,192,1,99.48
2022-09,Mid-Market,2023-02,569,2,99.65
2022-09,SMB,2023-02,1164,7,99.4
2022-09,Mid-Market,2023-01,569,3,99.47
2022-09,SMB,2023-01,1164,10,99.14
2022-09,Mid-Market,2022-12,569,1,99.82
2022-09,SMB,2022-12,1164,12,98.97
2022-09,Mid-Market,2022-11,569,3,99.47
2022-09,SMB,2022-11,1164,3,99.74
2022-09,SMB,2022-10,1164,8,99.31
2022-08,Enterprise,2025-05,123,1,99.19
2022-08,Mid-Market,2025-05,471,2,99.58
2022-08,SMB,2025-05,887,5,99.44
2022-08,Enterprise,2025-04,123,1,99.19
2022-08,Mid-Market,2025-04,471,2,99.58
2022-08,SMB,2025-04,887,8,99.1
2022-08,SMB,2025-03,887,5,99.44
2022-08,Mid-Market,2025-02,471,3,99.36
2022-08,SMB,2025-02,887,9,98.99
2022-08,Mid-Market,2025-01,471,1,99.79
2022-08,SMB,2025-01,887,4,99.55
2022-08,SMB,2024-12,887,5,99.44
2022-08,Enterprise,2024-11,123,1,99.19
2022-08,Mid-Market,2024-11,471,2,99.58
2022-08,SMB,2024-11,887,6,99.32
2022-08,Enterprise,2024-10,123,1,99.19
2022-08,Mid-Market,2024-10,471,1,99.79
2022-08,SMB,2024-10,887,9,98.99
2022-08,Enterprise,2024-09,123,1,99.19
2022-08,Mid-Market,2024-09,471,2,99.58
2022-08,SMB,2024-09,887,4,99.55
2022-08,Enterprise,2024-08,123,1,99.19
2022-08,Mid-Market,2024-08,471,1,99.79
2022-08,SMB,2024-08,887,6,99.32
2022-08,Mid-Market,2024-07,471,1,99.79
2022-08,SMB,2024-07,887,3,99.66
2022-08,SMB,2024-06,887,10,98.87
2022-08,Mid-Market,2024-05,471,2,99.58
2022-08,SMB,2024-05,887,12,98.65
2022-08,Enterprise,2024-04,123,2,98.37
2022-08,Mid-Market,2024-04,471,2,99.58
2022-08,SMB,2024-04,887,6,99.32
2022-08,Enterprise,2024-03,123,1,99.19
2022-08,Mid-Market,2024-03,471,4,99.15
2022-08,SMB,2024-03,887,7,99.21
2022-08,Mid-Market,2024-02,471,1,99.79
2022-08,SMB,2024-02,887,6,99.32
2022-08,Mid-Market,2024-01,471,1,99.79
2022-08,SMB,2024-01,887,10,98.87
2022-08,Mid-Market,2023-12,471,1,99.79
2022-08,SMB,2023-12,887,4,99.55
2022-08,Mid-Market,2023-11,471,1,99.79
2022-08,SMB,2023-11,887,4,99.55
2022-08,Mid-Market,2023-10,471,4,99.15
2022-08,SMB,2023-10,887,6,99.32
2022-08,Mid-Market,2023-09,471,2,99.58
2022-08,SMB,2023-09,887,7,99.21
2022-08,Enterprise,2023-08,123,2,98.37
2022-08,Mid-Market,2023-08,471,1,99.79
2022-08,SMB,2023-08,887,3,99.66
2022-08,Mid-Market,2023-07,471,1,99.79
2022-08,SMB,2023-07,887,7,99.21
2022-08,Mid-Market,2023-06,471,1,99.79
2022-08,SMB,2023-06,887,10,98.87
2022-08,Mid-Market,2023-05,471,1,99.79
2022-08,SMB,2023-05,887,4,99.55
2022-08,Enterprise,2023-04,123,1,99.19
2022-08,Mid-Market,2023-04,471,4,99.15
2022-08,SMB,2023-04,887,4,99.55
2022-08,SMB,2023-03,887,8,99.1
2022-08,Enterprise,2023-02,123,1,99.19
2022-08,Mid-Market,2023-02,471,1,99.79
2022-08,SMB,2023-02,887,7,99.21
2022-08,Mid-Market,2023-01,471,2,99.58
2022-08,SMB,2023-01,887,11,98.76
2022-08,Mid-Market,2022-12,471,3,99.36
2022-08,SMB,2022-12,887,9,98.99
2022-08,Mid-Market,2022-11,471,3,99.36
2022-08,SMB,2022-11,887,5,99.44
2022-08,Mid-Market,2022-10,471,1,99.79
2022-08,SMB,2022-10,887,8,99.1
2022-08,SMB,2022-09,887,4,99.55
2022-07,SMB,2025-05,712,7,99.02
2022-07,Enterprise,2025-04,143,1,99.3
2022-07,Mid-Market,2025-04,370,3,99.19
2022-07,SMB,2025-04,712,6,99.16
2022-07,Enterprise,2025-03,143,1,99.3
2022-07,Mid-Market,2025-03,370,4,98.92
2022-07,SMB,2025-03,712,4,99.44
2022-07,Mid-Market,2025-02,370,1,99.73
2022-07,SMB,2025-02,712,5,99.3
2022-07,SMB,2025-01,712,6,99.16
2022-07,Enterprise,2024-12,143,1,99.3
2022-07,SMB,2024-12,712,7,99.02
2022-07,Mid-Market,2024-11,370,1,99.73
2022-07,SMB,2024-11,712,4,99.44
2022-07,Mid-Market,2024-10,370,2,99.46
2022-07,SMB,2024-10,712,9,98.74
2022-07,Enterprise,2024-09,143,1,99.3
2022-07,Mid-Market,2024-09,370,2,99.46
2022-07,SMB,2024-09,712,3,99.58
2022-07,SMB,2024-08,712,5,99.3
2022-07,SMB,2024-07,712,2,99.72
2022-07,Mid-Market,2024-06,370,1,99.73
2022-07,SMB,2024-06,712,4,99.44
2022-07,Mid-Market,2024-05,370,1,99.73
2022-07,SMB,2024-05,712,9,98.74
2022-07,Mid-Market,2024-04,370,1,99.73
2022-07,SMB,2024-04,712,3,99.58
2022-07,SMB,2024-03,712,2,99.72
2022-07,SMB,2024-02,712,4,99.44
2022-07,SMB,2024-01,712,7,99.02
2022-07,SMB,2023-12,712,4,99.44
2022-07,Enterprise,2023-11,143,1,99.3
2022-07,Mid-Market,2023-11,370,1,99.73
2022-07,SMB,2023-11,712,2,99.72
2022-07,SMB,2023-10,712,7,99.02
2022-07,Enterprise,2023-09,143,1,99.3
2022-07,Mid-Market,2023-09,370,2,99.46
2022-07,SMB,2023-09,712,3,99.58
2022-07,Enterprise,2023-08,143,3,97.9
2022-07,Mid-Market,2023-08,370,1,99.73
2022-07,SMB,2023-08,712,4,99.44
2022-07,Enterprise,2023-07,143,1,99.3
2022-07,SMB,2023-07,712,4,99.44
2022-07,SMB,2023-06,712,4,99.44
2022-07,Enterprise,2023-05,143,1,99.3
2022-07,Mid-Market,2023-05,370,1,99.73
2022-07,SMB,2023-05,712,3,99.58
2022-07,Enterprise,2023-04,143,1,99.3
2022-07,Mid-Market,2023-04,370,1,99.73
2022-07,SMB,2023-04,712,3,99.58
2022-07,SMB,2023-03,712,4,99.44
2022-07,Enterprise,2023-02,143,1,99.3
2022-07,Mid-Market,2023-02,370,1,99.73
2022-07,SMB,2023-02,712,4,99.44
2022-07,Mid-Market,2023-01,370,1,99.73
2022-07,SMB,2023-01,712,6,99.16
2022-07,Enterprise,2022-12,143,2,98.6
2022-07,Mid-Market,2022-12,370,3,99.19
2022-07,SMB,2022-12,712,5,99.3
2022-07,SMB,2022-11,712,2,99.72
2022-07,SMB,2022-10,712,3,99.58
2022-07,SMB,2022-09,712,3,99.58
2022-07,SMB,2022-08,712,3,99.58
2022-06,Mid-Market,2025-05,421,1,99.76
2022-06,SMB,2025-05,765,5,99.35
2022-06,Enterprise,2025-04,128,1,99.22
2022-06,SMB,2025-04,765,4,99.48
2022-06,Mid-Market,2025-03,421,2,99.52
2022-06,SMB,2025-03,765,6,99.22
2022-06,Mid-Market,2025-02,421,3,99.29
2022-06,SMB,2025-02,765,6,99.22
2022-06,Mid-Market,2025-01,421,2,99.52
2022-06,SMB,2025-01,765,5,99.35
2022-06,Enterprise,2024-12,128,1,99.22
2022-06,Mid-Market,2024-12,421,1,99.76
2022-06,SMB,2024-12,765,4,99.48
2022-06,Mid-Market,2024-11,421,2,99.52
2022-06,SMB,2024-11,765,1,99.87
2022-06,Mid-Market,2024-10,421,3,99.29
2022-06,SMB,2024-10,765,7,99.08
2022-06,Enterprise,2024-09,128,1,99.22
2022-06,Mid-Market,2024-09,421,3,99.29
2022-06,SMB,2024-09,765,4,99.48
2022-06,Enterprise,2024-08,128,2,98.44
2022-06,Mid-Market,2024-08,421,2,99.52
2022-06,SMB,2024-08,765,5,99.35
2022-06,Enterprise,2024-07,128,1,99.22
2022-06,Mid-Market,2024-07,421,2,99.52
2022-06,SMB,2024-07,765,7,99.08
2022-06,SMB,2024-06,765,4,99.48
2022-06,Enterprise,2024-05,128,2,98.44
2022-06,Mid-Market,2024-05,421,1,99.76
2022-06,SMB,2024-05,765,7,99.08
2022-06,Mid-Market,2024-04,421,1,99.76
2022-06,SMB,2024-04,765,6,99.22
2022-06,Mid-Market,2024-03,421,1,99.76
2022-06,SMB,2024-03,765,8,98.95
2022-06,Mid-Market,2024-02,421,3,99.29
2022-06,SMB,2024-02,765,4,99.48
2022-06,Enterprise,2024-01,128,1,99.22
2022-06,SMB,2024-01,765,5,99.35
2022-06,Mid-Market,2023-12,421,2,99.52
2022-06,SMB,2023-12,765,7,99.08
2022-06,Mid-Market,2023-11,421,1,99.76
2022-06,SMB,2023-11,765,9,98.82
2022-06,SMB,2023-10,765,3,99.61
2022-06,Enterprise,2023-09,128,1,99.22
2022-06,Mid-Market,2023-09,421,1,99.76
2022-06,SMB,2023-09,765,3,99.61
2022-06,SMB,2023-08,765,4,99.48
2022-06,Mid-Market,2023-07,421,1,99.76
2022-06,SMB,2023-07,765,3,99.61
2022-06,Mid-Market,2023-06,421,1,99.76
2022-06,SMB,2023-06,765,2,99.74
2022-06,Mid-Market,2023-05,421,2,99.52
2022-06,SMB,2023-05,765,1,99.87
2022-06,SMB,2023-04,765,2,99.74
2022-06,Enterprise,2023-03,128,1,99.22
2022-06,SMB,2023-03,765,7,99.08
2022-06,SMB,2023-02,765,11,98.56
2022-06,Mid-Market,2023-01,421,1,99.76
2022-06,SMB,2023-01,765,5,99.35
2022-06,Enterprise,2022-12,128,1,99.22
2022-06,Mid-Market,2022-12,421,1,99.76
2022-06,SMB,2022-12,765,3,99.61
2022-06,Enterprise,2022-11,128,1,99.22
2022-06,SMB,2022-11,765,6,99.22
2022-06,Mid-Market,2022-10,421,2,99.52
2022-06,SMB,2022-10,765,7,99.08
2022-06,SMB,2022-09,765,1,99.87
2022-06,Mid-Market,2022-08,421,1,99.76
2022-06,SMB,2022-08,765,2,99.74
2022-06,SMB,2022-07,765,4,99.48
2022-05,Enterprise,2025-05,188,2,98.94
2022-05,Mid-Market,2025-05,642,1,99.84
2022-05,SMB,2025-05,1297,9,99.31
2022-05,Mid-Market,2025-04,642,3,99.53
2022-05,SMB,2025-04,1297,8,99.38
2022-05,Mid-Market,2025-03,642,2,99.69
2022-05,SMB,2025-03,1297,7,99.46
2022-05,Mid-Market,2025-02,642,1,99.84
2022-05,SMB,2025-02,1297,10,99.23
2022-05,SMB,2025-01,1297,9,99.31
2022-05,Enterprise,2024-12,188,1,99.47
2022-05,Mid-Market,2024-12,642,1,99.84
2022-05,SMB,2024-12,1297,14,98.92
2022-05,Enterprise,2024-11,188,1,99.47
2022-05,SMB,2024-11,1297,9,99.31
2022-05,Enterprise,2024-10,188,2,98.94
2022-05,SMB,2024-10,1297,16,98.77
2022-05,Mid-Market,2024-09,642,1,99.84
2022-05,SMB,2024-09,1297,8,99.38
2022-05,Mid-Market,2024-08,642,2,99.69
2022-05,SMB,2024-08,1297,14,98.92
2022-05,Enterprise,2024-07,188,1,99.47
2022-05,Mid-Market,2024-07,642,1,99.84
2022-05,SMB,2024-07,1297,6,99.54
2022-05,Enterprise,2024-06,188,1,99.47
2022-05,Mid-Market,2024-06,642,4,99.38
2022-05,SMB,2024-06,1297,9,99.31
2022-05,Enterprise,2024-05,188,1,99.47
2022-05,Mid-Market,2024-05,642,3,99.53
2022-05,SMB,2024-05,1297,11,99.15
2022-05,Mid-Market,2024-04,642,2,99.69
2022-05,SMB,2024-04,1297,4,99.69
2022-05,SMB,2024-03,1297,3,99.77
2022-05,Enterprise,2024-02,188,2,98.94
2022-05,Mid-Market,2024-02,642,2,99.69
2022-05,SMB,2024-02,1297,6,99.54
2022-05,Enterprise,2024-01,188,1,99.47
2022-05,Mid-Market,2024-01,642,1,99.84
2022-05,SMB,2024-01,1297,8,99.38
2022-05,Enterprise,2023-12,188,2,98.94
2022-05,Mid-Market,2023-12,642,1,99.84
2022-05,SMB,2023-12,1297,11,99.15
2022-05,Mid-Market,2023-11,642,1,99.84
2022-05,SMB,2023-11,1297,6,99.54
2022-05,Mid-Market,2023-10,642,2,99.69
2022-05,SMB,2023-10,1297,8,99.38
2022-05,Enterprise,2023-09,188,3,98.4
2022-05,Mid-Market,2023-09,642,6,99.07
2022-05,SMB,2023-09,1297,10,99.23
2022-05,Enterprise,2023-08,188,2,98.94
2022-05,Mid-Market,2023-08,642,1,99.84
2022-05,SMB,2023-08,1297,11,99.15
2022-05,Mid-Market,2023-07,642,3,99.53
2022-05,SMB,2023-07,1297,12,99.07
2022-05,Mid-Market,2023-06,642,1,99.84
2022-05,SMB,2023-06,1297,7,99.46
2022-05,Enterprise,2023-05,188,5,97.34
2022-05,Mid-Market,2023-05,642,2,99.69
2022-05,SMB,2023-05,1297,10,99.23
2022-05,Mid-Market,2023-04,642,2,99.69
2022-05,SMB,2023-04,1297,14,98.92
2022-05,Mid-Market,2023-03,642,1,99.84
2022-05,SMB,2023-03,1297,10,99.23
2022-05,Mid-Market,2023-02,642,1,99.84
2022-05,SMB,2023-02,1297,8,99.38
2022-05,SMB,2023-01,1297,9,99.31
2022-05,Enterprise,2022-12,188,1,99.47
2022-05,Mid-Market,2022-12,642,2,99.69
2022-05,SMB,2022-12,1297,9,99.31
2022-05,Mid-Market,2022-11,642,1,99.84
2022-05,SMB,2022-11,1297,7,99.46
2022-05,Enterprise,2022-10,188,1,99.47
2022-05,Mid-Market,2022-10,642,1,99.84
2022-05,SMB,2022-10,1297,5,99.61
2022-05,Mid-Market,2022-09,642,1,99.84
2022-05,SMB,2022-09,1297,11,99.15
2022-05,Mid-Market,2022-08,642,1,99.84
2022-05,SMB,2022-08,1297,3,99.77
2022-05,Mid-Market,2022-07,642,2,99.69
2022-05,SMB,2022-07,1297,8,99.38
2022-05,SMB,2022-06,1297,3,99.77
